mdb:MD_Metadata/@xmlns:cat,http://standards.iso.org/iso/19115/-3/cat/1.0
mdb:MD_Metadata/@xmlns:cit,http://standards.iso.org/iso/19115/-3/cit/2.0
mdb:MD_Metadata/@xmlns:gco,http://standards.iso.org/iso/19115/-3/gco/1.0
mdb:MD_Metadata/@xmlns:gex,http://standards.iso.org/iso/19115/-3/gex/1.0
mdb:MD_Metadata/@xmlns:gfc,http://standards.iso.org/iso/19110/gfc/1.1
mdb:MD_Metadata/@xmlns:gml,http://www.opengis.net/gml/3.2
mdb:MD_Metadata/@xmlns:lan,http://standards.iso.org/iso/19115/-3/lan/1.0
mdb:MD_Metadata/@xmlns:mcc,http://standards.iso.org/iso/19115/-3/mcc/1.0
mdb:MD_Metadata/@xmlns:mco,http://standards.iso.org/iso/19115/-3/mco/1.0
mdb:MD_Metadata/@xmlns:mdb,http://standards.iso.org/iso/19115/-3/mdb/2.0
mdb:MD_Metadata/@xmlns:mrc,http://standards.iso.org/iso/19115/-3/mrc/2.0
mdb:MD_Metadata/@xmlns:mrd,http://standards.iso.org/iso/19115/-3/mrd/1.0
mdb:MD_Metadata/@xmlns:mri,http://standards.iso.org/iso/19115/-3/mri/1.0
mdb:MD_Metadata/@xmlns:mrs,http://standards.iso.org/iso/19115/-3/mrs/1.0
mdb:MD_Metadata/@xmlns:msr,http://standards.iso.org/iso/19115/-3/msr/2.0
mdb:MD_Metadata/mdb:metadataIdentifier/mcc:MD_Identifier/mcc:code/gco:CharacterString,69708584-4ded-11ee-9c93-64d69adaa83a
mdb:MD_Metadata/mdb:defaultLocale/lan:PT_Locale/lan:language/lan:LanguageCode/@codeList,http://standards.iso.org/19115/-3/lan/1.0/codelists.xml#LanguageCode
mdb:MD_Metadata/mdb:defaultLocale/lan:PT_Locale/lan:language/lan:LanguageCode/@codeListValue,eng
mdb:MD_Metadata/mdb:defaultLocale/lan:PT_Locale/lan:characterEncoding/lan:MD_CharacterSetCode/@codeList,http://standards.iso.org/19115/-3/lan/1.0/codelists.xml#MD_CharacterSetCode
mdb:MD_Metadata/mdb:defaultLocale/lan:PT_Locale/lan:characterEncoding/lan:MD_CharacterSetCode/@codeListValue,UTF-8
mdb:MD_Metadata/mdb:metadataScope/mdb:MD_MetadataScope/mdb:resourceScope/mcc:MD_ScopeCode/@codeList,http://standards.iso.org/iso/19115/resources/Codelists/cat/codelists.xml#MD_ScopeCode
mdb:MD_Metadata/mdb:metadataScope/mdb:MD_MetadataScope/mdb:resourceScope/mcc:MD_ScopeCode/@codeListValue,dataset
mdb:MD_Metadata/mdb:contact/cit:CI_Responsibility/cit:role/cit:CI_RoleCode/@codeList,http://standards.iso.org/iso/19115/resources/Codelists/cat/codelists.xml#CI_RoleCode
mdb:MD_Metadata/mdb:contact/cit:CI_Responsibility/cit:role/cit:CI_RoleCode/@codeListValue,author
mdb:MD_Metadata/mdb:contact/cit:CI_Responsibility/cit:party/cit:CI_Organisation/cit:name/gco:CharacterString,No name
mdb:MD_Metadata/mdb:contact/cit:CI_Responsibility/cit:party/cit:CI_Organisation/cit:individual/cit:CI_Individual/cit:name/gco:CharacterString,No name
mdb:MD_Metadata/mdb:dateInfo/cit:CI_Date/cit:date/gco:Date,2021-03-24
mdb:MD_Metadata/mdb:dateInfo/cit:CI_Date/cit:dateType/cit:CI_DateTypeCode/@codeList,http://standards.iso.org/iso/19115/resources/Codelists/cat/codelists.xml#CI_DateTypeCode
mdb:MD_Metadata/mdb:dateInfo/cit:CI_Date/cit:dateType/cit:CI_DateTypeCode/@codeListValue,creation
mdb:MD_Metadata/mdb:spatialRepresentationInfo/msr:MD_VectorSpatialRepresentation/msr:topologyLevel/msr:MD_TopologyLevelCode/@codeList,http://standards.iso.org/iso/19115/resources/Codelist/cat/codelists.xml#MD_TopologyLevelCode
mdb:MD_Metadata/mdb:spatialRepresentationInfo/msr:MD_VectorSpatialRepresentation/msr:topologyLevel/msr:MD_TopologyLevelCode/@codeListValue,geometryOnly
mdb:MD_Metadata/mdb:spatialRepresentationInfo/msr:MD_VectorSpatialRepresentation/msr:geometricObjects/msr:MD_GeometricObjects/msr:geometricObjectType/msr:MD_GeometricObjectTypeCode/@codeList,http://standards.iso.org/iso/19115/resources/Codelist/cat/codelists.xml#MD_GeometricObjectTypeCode
mdb:MD_Metadata/mdb:spatialRepresentationInfo/msr:MD_VectorSpatialRepresentation/msr:geometricObjects/msr:MD_GeometricObjects/msr:geometricObjectType/msr:MD_GeometricObjectTypeCode/@codeListValue,MD_GeometricObjectTypeCode_surface
mdb:MD_Metadata/mdb:spatialRepresentationInfo/msr:MD_VectorSpatialRepresentation/msr:geometricObjects/msr:MD_GeometricObjects/msr:geometricObjectCount/gco:Integer,1373
mdb:MD_Metadata/mdb:spatialRepresentationInfo/msr:MD_VectorSpatialRepresentation/msr:geometricObjects/msr:MD_GeometricObjects/msr:geometricObjectType/msr:MD_GeometricObjectTypeCode/@codeList,http://standards.iso.org/iso/19115/resources/Codelist/cat/codelists.xml#MD_GeometricObjectTypeCode
mdb:MD_Metadata/mdb:spatialRepresentationInfo/msr:MD_VectorSpatialRepresentation/msr:geometricObjects/msr:MD_GeometricObjects/msr:geometricObjectType/msr:MD_GeometricObjectTypeCode/@codeListValue,MD_GeometricObjectTypeCode_complex
mdb:MD_Metadata/mdb:spatialRepresentationInfo/msr:MD_VectorSpatialRepresentation/msr:geometricObjects/msr:MD_GeometricObjects/msr:geometricObjectCount/gco:Integer,790
mdb:MD_Metadata/mdb:referenceSystemInfo/mrs:MD_ReferenceSystem/mrs:referenceSystemIdentifier/mcc:MD_Identifier/mcc:code/gco:CharacterString,4326
mdb:MD_Metadata/mdb:referenceSystemInfo/mrs:MD_ReferenceSystem/mrs:referenceSystemIdentifier/mcc:MD_Identifier/mcc:codeSpace/gco:CharacterString,EPSG
mdb:MD_Metadata/mdb:referenceSystemInfo/mrs:MD_ReferenceSystem/mrs:referenceSystemType/mrs:MD_ReferenceSystemTypeCode/@codeList,http://standards.iso.org/iso/19115/resources/Codelists/cat/codelists.xml#MD_ReferenceSystemTypeCode
mdb:MD_Metadata/mdb:referenceSystemInfo/mrs:MD_ReferenceSystem/mrs:referenceSystemType/mrs:MD_ReferenceSystemTypeCode/@codeListValue,geodeticGeographic2D
mdb:MD_Metadata/mdb:identificationInfo/mri:MD_DataIdentification/mri:citation/cit:CI_Citation/cit:title/gco:CharacterString,International Poverty Line - Subnational Poverty
mdb:MD_Metadata/mdb:identificationInfo/mri:MD_DataIdentification/mri:abstract/gco:CharacterString,This file was automatically generated and has no abstract.
mdb:MD_Metadata/mdb:identificationInfo/mri:MD_DataIdentification/mri:status/mcc:MD_ProgressCode/@codeList,http://standards.iso.org/iso/19115/resources/Codelist/cat/codelists.xml#MD_ProgressCode
mdb:MD_Metadata/mdb:identificationInfo/mri:MD_DataIdentification/mri:status/mcc:MD_ProgressCode/@codeListValue,
mdb:MD_Metadata/mdb:identificationInfo/mri:MD_DataIdentification/mri:extent/gex:EX_Extent/gex:geographicElement/gex:EX_GeographicBoundingBox/gex:westBoundLongitude/gco:Decimal,-179.99999999990004
mdb:MD_Metadata/mdb:identificationInfo/mri:MD_DataIdentification/mri:extent/gex:EX_Extent/gex:geographicElement/gex:EX_GeographicBoundingBox/gex:eastBoundLongitude/gco:Decimal,-55.979496
mdb:MD_Metadata/mdb:identificationInfo/mri:MD_DataIdentification/mri:extent/gex:EX_Extent/gex:geographicElement/gex:EX_GeographicBoundingBox/gex:southBoundLatitude/gco:Decimal,179.9999885411868
mdb:MD_Metadata/mdb:identificationInfo/mri:MD_DataIdentification/mri:extent/gex:EX_Extent/gex:geographicElement/gex:EX_GeographicBoundingBox/gex:northBoundLatitude/gco:Decimal,83.62741851825007
mdb:MD_Metadata/mdb:identificationInfo/mri:MD_DataIdentification/mri:extent/gex:EX_Extent/gex:temporalElement/gex:EX_TemporalExtent/gex:extent/gml:TimePeriod/@gml:id,TimePeriod
mdb:MD_Metadata/mdb:identificationInfo/mri:MD_DataIdentification/mri:extent/gex:EX_Extent/gex:temporalElement/gex:EX_TemporalExtent/gex:extent/gml:TimePeriod/gml:beginPosition,
mdb:MD_Metadata/mdb:identificationInfo/mri:MD_DataIdentification/mri:extent/gex:EX_Extent/gex:temporalElement/gex:EX_TemporalExtent/gex:extent/gml:TimePeriod/gml:endPosition,
mdb:MD_Metadata/mdb:identificationInfo/mri:MD_DataIdentification/mri:resourceFormat/mrd:MD_Format/mrd:formatSpecificationCitation/cit:CI_Citation/cit:title/gco:CharacterString,Esri Shapefile
mdb:MD_Metadata/mdb:identificationInfo/mri:MD_DataIdentification/mri:resourceConstraints/mco:MD_SecurityConstraints/mco:classification/mco:MD_ClassificationCode/@codeList,http://standards.iso.org/iso/19115/resources/Codelist/cat/codelists.xml#MD_ClassificationCode
mdb:MD_Metadata/mdb:identificationInfo/mri:MD_DataIdentification/mri:resourceConstraints/mco:MD_SecurityConstraints/mco:classification/mco:MD_ClassificationCode/@codeListValue,
mdb:MD_Metadata/mdb:identificationInfo/mri:MD_DataIdentification/mri:resourceConstraints/mco:MD_SecurityConstraints/mco:userNote/gco:CharacterString,
mdb:MD_Metadata/mdb:contentInfo/mrc:MD_FeatureCatalogue/mrc:featureCatalogue/gfc:FC_FeatureCatalogue/cat:name/gco:CharacterString,International Poverty Line - Subnational Poverty
mdb:MD_Metadata/mdb:contentInfo/mrc:MD_FeatureCatalogue/mrc:featureCatalogue/gfc:FC_FeatureCatalogue/cat:scope/gco:CharacterString,International Poverty Line - Subnational Poverty
mdb:MD_Metadata/mdb:contentInfo/mrc:MD_FeatureCatalogue/mrc:featureCatalogue/gfc:FC_FeatureCatalogue/cat:versionNumber/gco:CharacterString,v
mdb:MD_Metadata/mdb:contentInfo/mrc:MD_FeatureCatalogue/mrc:featureCatalogue/gfc:FC_FeatureCatalogue/cat:versionDate/gco:Date,2021-03-24
mdb:MD_Metadata/mdb:contentInfo/mrc:MD_FeatureCatalogue/mrc:featureCatalogue/gfc:FC_FeatureCatalogue/cat:language/lan:LanguageCode/@codeList,http://standards.iso.org/19115/-3/lan/1.0/codelists.xml#LanguageCode
mdb:MD_Metadata/mdb:contentInfo/mrc:MD_FeatureCatalogue/mrc:featureCatalogue/gfc:FC_FeatureCatalogue/cat:language/lan:LanguageCode/@codeListValue,eng
mdb:MD_Metadata/mdb:contentInfo/mrc:MD_FeatureCatalogue/mrc:featureCatalogue/gfc:FC_FeatureCatalogue/gfc:producer/cit:CI_Responsibility/cit:role/cit:CI_RoleCode/@codeList,http://standards.iso.org/iso/19115/resources/Codelists/cat/codelists.xml#CI_RoleCode
mdb:MD_Metadata/mdb:contentInfo/mrc:MD_FeatureCatalogue/mrc:featureCatalogue/gfc:FC_FeatureCatalogue/gfc:producer/cit:CI_Responsibility/cit:role/cit:CI_RoleCode/@codeListValue,author
mdb:MD_Metadata/mdb:contentInfo/mrc:MD_FeatureCatalogue/mrc:featureCatalogue/gfc:FC_FeatureCatalogue/gfc:producer/cit:CI_Responsibility/cit:party/cit:CI_Organisation/cit:name/gco:CharacterString,No name
mdb:MD_Metadata/mdb:contentInfo/mrc:MD_FeatureCatalogue/mrc:featureCatalogue/gfc:FC_FeatureCatalogue/gfc:producer/cit:CI_Responsibility/cit:party/cit:CI_Organisation/cit:individual/cit:CI_Individual/cit:name/gco:CharacterString,No name
mdb:MD_Metadata/mdb:contentInfo/mrc:MD_FeatureCatalogue/mrc:featureCatalogue/gfc:FC_FeatureCatalogue/gfc:featureType/gfc:FC_FeatureType/gfc:typeName,International Poverty Line - Subnational Poverty
mdb:MD_Metadata/mdb:contentInfo/mrc:MD_FeatureCatalogue/mrc:featureCatalogue/gfc:FC_FeatureCatalogue/gfc:featureType/gfc:FC_FeatureType/gfc:definition/gco:CharacterString,International Poverty Line - Subnational Poverty
mdb:MD_Metadata/mdb:contentInfo/mrc:MD_FeatureCatalogue/mrc:featureCatalogue/gfc:FC_FeatureCatalogue/gfc:featureType/gfc:FC_FeatureType/gfc:isAbstract/gco:Boolean,false
mdb:MD_Metadata/mdb:contentInfo/mrc:MD_FeatureCatalogue/mrc:featureCatalogue/gfc:FC_FeatureCatalogue/gfc:featureType/gfc:FC_FeatureType/gfc:carrierOfCharacteristics/gfc:FC_FeatureAttribute/gfc:memberName,geo_code2
mdb:MD_Metadata/mdb:contentInfo/mrc:MD_FeatureCatalogue/mrc:featureCatalogue/gfc:FC_FeatureCatalogue/gfc:featureType/gfc:FC_FeatureType/gfc:carrierOfCharacteristics/gfc:FC_FeatureAttribute/gfc:cardinality/gco:CharacterString,1
mdb:MD_Metadata/mdb:contentInfo/mrc:MD_FeatureCatalogue/mrc:featureCatalogue/gfc:FC_FeatureCatalogue/gfc:featureType/gfc:FC_FeatureType/gfc:carrierOfCharacteristics/gfc:FC_FeatureAttribute/gfc:valueType/gco:TypeName/gco:aName/gco:CharacterString,object
mdb:MD_Metadata/mdb:contentInfo/mrc:MD_FeatureCatalogue/mrc:featureCatalogue/gfc:FC_FeatureCatalogue/gfc:featureType/gfc:FC_FeatureType/gfc:carrierOfCharacteristics/gfc:FC_FeatureAttribute/gfc:listedValue/gfc:FC_ListedValue/gfc:label/gco:CharacterString,FSM_2013_GADM1_FSM_FSM.4_1
mdb:MD_Metadata/mdb:contentInfo/mrc:MD_FeatureCatalogue/mrc:featureCatalogue/gfc:FC_FeatureCatalogue/gfc:featureType/gfc:FC_FeatureType/gfc:carrierOfCharacteristics/gfc:FC_FeatureAttribute/gfc:listedValue/gfc:FC_ListedValue/gfc:label/gco:CharacterString,FSM_2013_GADM1_FSM_FSM.1_1
mdb:MD_Metadata/mdb:contentInfo/mrc:MD_FeatureCatalogue/mrc:featureCatalogue/gfc:FC_FeatureCatalogue/gfc:featureType/gfc:FC_FeatureType/gfc:carrierOfCharacteristics/gfc:FC_FeatureAttribute/gfc:listedValue/gfc:FC_ListedValue/gfc:label/gco:CharacterString,FSM_2013_GADM1_FSM_FSM.3_1
mdb:MD_Metadata/mdb:contentInfo/mrc:MD_FeatureCatalogue/mrc:featureCatalogue/gfc:FC_FeatureCatalogue/gfc:featureType/gfc:FC_FeatureType/gfc:carrierOfCharacteristics/gfc:FC_FeatureAttribute/gfc:listedValue/gfc:FC_ListedValue/gfc:label/gco:CharacterString,FSM_2013_GADM1_FSM_FSM.2_1
mdb:MD_Metadata/mdb:contentInfo/mrc:MD_FeatureCatalogue/mrc:featureCatalogue/gfc:FC_FeatureCatalogue/gfc:featureType/gfc:FC_FeatureType/gfc:carrierOfCharacteristics/gfc:FC_FeatureAttribute/gfc:listedValue/gfc:FC_ListedValue/gfc:label/gco:CharacterString,TWN_2016_GADM2_TWN_TWN.6_1_TWN.6.1_1
mdb:MD_Metadata/mdb:contentInfo/mrc:MD_FeatureCatalogue/mrc:featureCatalogue/gfc:FC_FeatureCatalogue/gfc:featureType/gfc:FC_FeatureType/gfc:carrierOfCharacteristics/gfc:FC_FeatureAttribute/gfc:listedValue/gfc:FC_ListedValue/gfc:label/gco:CharacterString,TWN_2016_GADM2_TWN_TWN.7_1_TWN.7.3_1
mdb:MD_Metadata/mdb:contentInfo/mrc:MD_FeatureCatalogue/mrc:featureCatalogue/gfc:FC_FeatureCatalogue/gfc:featureType/gfc:FC_FeatureType/gfc:carrierOfCharacteristics/gfc:FC_FeatureAttribute/gfc:listedValue/gfc:FC_ListedValue/gfc:label/gco:CharacterString,TWN_2016_GADM2_TWN_TWN.7_1_TWN.7.11_1
mdb:MD_Metadata/mdb:contentInfo/mrc:MD_FeatureCatalogue/mrc:featureCatalogue/gfc:FC_FeatureCatalogue/gfc:featureType/gfc:FC_FeatureType/gfc:carrierOfCharacteristics/gfc:FC_FeatureAttribute/gfc:listedValue/gfc:FC_ListedValue/gfc:label/gco:CharacterString,TWN_2016_GADM2_TWN_TWN.7_1_TWN.7.12_1
mdb:MD_Metadata/mdb:contentInfo/mrc:MD_FeatureCatalogue/mrc:featureCatalogue/gfc:FC_FeatureCatalogue/gfc:featureType/gfc:FC_FeatureType/gfc:carrierOfCharacteristics/gfc:FC_FeatureAttribute/gfc:listedValue/gfc:FC_ListedValue/gfc:label/gco:CharacterString,TWN_2016_GADM2_TWN_TWN.7_1_TWN.7.6_1
mdb:MD_Metadata/mdb:contentInfo/mrc:MD_FeatureCatalogue/mrc:featureCatalogue/gfc:FC_FeatureCatalogue/gfc:featureType/gfc:FC_FeatureType/gfc:carrierOfCharacteristics/gfc:FC_FeatureAttribute/gfc:listedValue/gfc:FC_ListedValue/gfc:label/gco:CharacterString,TWN_2016_GADM2_TWN_TWN.7_1_TWN.7.10_1
mdb:MD_Metadata/mdb:contentInfo/mrc:MD_FeatureCatalogue/mrc:featureCatalogue/gfc:FC_FeatureCatalogue/gfc:featureType/gfc:FC_FeatureType/gfc:carrierOfCharacteristics/gfc:FC_FeatureAttribute/gfc:memberName,region
mdb:MD_Metadata/mdb:contentInfo/mrc:MD_FeatureCatalogue/mrc:featureCatalogue/gfc:FC_FeatureCatalogue/gfc:featureType/gfc:FC_FeatureType/gfc:carrierOfCharacteristics/gfc:FC_FeatureAttribute/gfc:cardinality/gco:CharacterString,1
mdb:MD_Metadata/mdb:contentInfo/mrc:MD_FeatureCatalogue/mrc:featureCatalogue/gfc:FC_FeatureCatalogue/gfc:featureType/gfc:FC_FeatureType/gfc:carrierOfCharacteristics/gfc:FC_FeatureAttribute/gfc:valueType/gco:TypeName/gco:aName/gco:CharacterString,object
mdb:MD_Metadata/mdb:contentInfo/mrc:MD_FeatureCatalogue/mrc:featureCatalogue/gfc:FC_FeatureCatalogue/gfc:featureType/gfc:FC_FeatureType/gfc:carrierOfCharacteristics/gfc:FC_FeatureAttribute/gfc:listedValue/gfc:FC_ListedValue/gfc:label/gco:CharacterString,EAP
mdb:MD_Metadata/mdb:contentInfo/mrc:MD_FeatureCatalogue/mrc:featureCatalogue/gfc:FC_FeatureCatalogue/gfc:featureType/gfc:FC_FeatureType/gfc:carrierOfCharacteristics/gfc:FC_FeatureAttribute/gfc:listedValue/gfc:FC_ListedValue/gfc:label/gco:CharacterString,LAC
mdb:MD_Metadata/mdb:contentInfo/mrc:MD_FeatureCatalogue/mrc:featureCatalogue/gfc:FC_FeatureCatalogue/gfc:featureType/gfc:FC_FeatureType/gfc:carrierOfCharacteristics/gfc:FC_FeatureAttribute/gfc:listedValue/gfc:FC_ListedValue/gfc:label/gco:CharacterString,ECA
mdb:MD_Metadata/mdb:contentInfo/mrc:MD_FeatureCatalogue/mrc:featureCatalogue/gfc:FC_FeatureCatalogue/gfc:featureType/gfc:FC_FeatureType/gfc:carrierOfCharacteristics/gfc:FC_FeatureAttribute/gfc:listedValue/gfc:FC_ListedValue/gfc:label/gco:CharacterString,MNA
mdb:MD_Metadata/mdb:contentInfo/mrc:MD_FeatureCatalogue/mrc:featureCatalogue/gfc:FC_FeatureCatalogue/gfc:featureType/gfc:FC_FeatureType/gfc:carrierOfCharacteristics/gfc:FC_FeatureAttribute/gfc:listedValue/gfc:FC_ListedValue/gfc:label/gco:CharacterString,OHI
mdb:MD_Metadata/mdb:contentInfo/mrc:MD_FeatureCatalogue/mrc:featureCatalogue/gfc:FC_FeatureCatalogue/gfc:featureType/gfc:FC_FeatureType/gfc:carrierOfCharacteristics/gfc:FC_FeatureAttribute/gfc:listedValue/gfc:FC_ListedValue/gfc:label/gco:CharacterString,SAR
mdb:MD_Metadata/mdb:contentInfo/mrc:MD_FeatureCatalogue/mrc:featureCatalogue/gfc:FC_FeatureCatalogue/gfc:featureType/gfc:FC_FeatureType/gfc:carrierOfCharacteristics/gfc:FC_FeatureAttribute/gfc:listedValue/gfc:FC_ListedValue/gfc:label/gco:CharacterString,SSA
mdb:MD_Metadata/mdb:contentInfo/mrc:MD_FeatureCatalogue/mrc:featureCatalogue/gfc:FC_FeatureCatalogue/gfc:featureType/gfc:FC_FeatureType/gfc:carrierOfCharacteristics/gfc:FC_FeatureAttribute/gfc:listedValue/gfc:FC_ListedValue/gfc:label/gco:CharacterString,NAC
mdb:MD_Metadata/mdb:contentInfo/mrc:MD_FeatureCatalogue/mrc:featureCatalogue/gfc:FC_FeatureCatalogue/gfc:featureType/gfc:FC_FeatureType/gfc:carrierOfCharacteristics/gfc:FC_FeatureAttribute/gfc:listedValue/gfc:FC_ListedValue/gfc:label/gco:CharacterString,MENA
mdb:MD_Metadata/mdb:contentInfo/mrc:MD_FeatureCatalogue/mrc:featureCatalogue/gfc:FC_FeatureCatalogue/gfc:featureType/gfc:FC_FeatureType/gfc:carrierOfCharacteristics/gfc:FC_FeatureAttribute/gfc:listedValue/gfc:FC_ListedValue/gfc:label/gco:CharacterString,nan
mdb:MD_Metadata/mdb:contentInfo/mrc:MD_FeatureCatalogue/mrc:featureCatalogue/gfc:FC_FeatureCatalogue/gfc:featureType/gfc:FC_FeatureType/gfc:carrierOfCharacteristics/gfc:FC_FeatureAttribute/gfc:memberName,code
mdb:MD_Metadata/mdb:contentInfo/mrc:MD_FeatureCatalogue/mrc:featureCatalogue/gfc:FC_FeatureCatalogue/gfc:featureType/gfc:FC_FeatureType/gfc:carrierOfCharacteristics/gfc:FC_FeatureAttribute/gfc:cardinality/gco:CharacterString,1
mdb:MD_Metadata/mdb:contentInfo/mrc:MD_FeatureCatalogue/mrc:featureCatalogue/gfc:FC_FeatureCatalogue/gfc:featureType/gfc:FC_FeatureType/gfc:carrierOfCharacteristics/gfc:FC_FeatureAttribute/gfc:valueType/gco:TypeName/gco:aName/gco:CharacterString,object
mdb:MD_Metadata/mdb:contentInfo/mrc:MD_FeatureCatalogue/mrc:featureCatalogue/gfc:FC_FeatureCatalogue/gfc:featureType/gfc:FC_FeatureType/gfc:carrierOfCharacteristics/gfc:FC_FeatureAttribute/gfc:listedValue/gfc:FC_ListedValue/gfc:label/gco:CharacterString,FSM
mdb:MD_Metadata/mdb:contentInfo/mrc:MD_FeatureCatalogue/mrc:featureCatalogue/gfc:FC_FeatureCatalogue/gfc:featureType/gfc:FC_FeatureType/gfc:carrierOfCharacteristics/gfc:FC_FeatureAttribute/gfc:listedValue/gfc:FC_ListedValue/gfc:label/gco:CharacterString,TWN
mdb:MD_Metadata/mdb:contentInfo/mrc:MD_FeatureCatalogue/mrc:featureCatalogue/gfc:FC_FeatureCatalogue/gfc:featureType/gfc:FC_FeatureType/gfc:carrierOfCharacteristics/gfc:FC_FeatureAttribute/gfc:listedValue/gfc:FC_ListedValue/gfc:label/gco:CharacterString,WSM
mdb:MD_Metadata/mdb:contentInfo/mrc:MD_FeatureCatalogue/mrc:featureCatalogue/gfc:FC_FeatureCatalogue/gfc:featureType/gfc:FC_FeatureType/gfc:carrierOfCharacteristics/gfc:FC_FeatureAttribute/gfc:listedValue/gfc:FC_ListedValue/gfc:label/gco:CharacterString,AUS
mdb:MD_Metadata/mdb:contentInfo/mrc:MD_FeatureCatalogue/mrc:featureCatalogue/gfc:FC_FeatureCatalogue/gfc:featureType/gfc:FC_FeatureType/gfc:carrierOfCharacteristics/gfc:FC_FeatureAttribute/gfc:listedValue/gfc:FC_ListedValue/gfc:label/gco:CharacterString,IDN
mdb:MD_Metadata/mdb:contentInfo/mrc:MD_FeatureCatalogue/mrc:featureCatalogue/gfc:FC_FeatureCatalogue/gfc:featureType/gfc:FC_FeatureType/gfc:carrierOfCharacteristics/gfc:FC_FeatureAttribute/gfc:listedValue/gfc:FC_ListedValue/gfc:label/gco:CharacterString,JPN
mdb:MD_Metadata/mdb:contentInfo/mrc:MD_FeatureCatalogue/mrc:featureCatalogue/gfc:FC_FeatureCatalogue/gfc:featureType/gfc:FC_FeatureType/gfc:carrierOfCharacteristics/gfc:FC_FeatureAttribute/gfc:listedValue/gfc:FC_ListedValue/gfc:label/gco:CharacterString,MMR
mdb:MD_Metadata/mdb:contentInfo/mrc:MD_FeatureCatalogue/mrc:featureCatalogue/gfc:FC_FeatureCatalogue/gfc:featureType/gfc:FC_FeatureType/gfc:carrierOfCharacteristics/gfc:FC_FeatureAttribute/gfc:listedValue/gfc:FC_ListedValue/gfc:label/gco:CharacterString,MNG
mdb:MD_Metadata/mdb:contentInfo/mrc:MD_FeatureCatalogue/mrc:featureCatalogue/gfc:FC_FeatureCatalogue/gfc:featureType/gfc:FC_FeatureType/gfc:carrierOfCharacteristics/gfc:FC_FeatureAttribute/gfc:listedValue/gfc:FC_ListedValue/gfc:label/gco:CharacterString,MYS
mdb:MD_Metadata/mdb:contentInfo/mrc:MD_FeatureCatalogue/mrc:featureCatalogue/gfc:FC_FeatureCatalogue/gfc:featureType/gfc:FC_FeatureType/gfc:carrierOfCharacteristics/gfc:FC_FeatureAttribute/gfc:listedValue/gfc:FC_ListedValue/gfc:label/gco:CharacterString,PNG
mdb:MD_Metadata/mdb:contentInfo/mrc:MD_FeatureCatalogue/mrc:featureCatalogue/gfc:FC_FeatureCatalogue/gfc:featureType/gfc:FC_FeatureType/gfc:carrierOfCharacteristics/gfc:FC_FeatureAttribute/gfc:memberName,baseyear
mdb:MD_Metadata/mdb:contentInfo/mrc:MD_FeatureCatalogue/mrc:featureCatalogue/gfc:FC_FeatureCatalogue/gfc:featureType/gfc:FC_FeatureType/gfc:carrierOfCharacteristics/gfc:FC_FeatureAttribute/gfc:cardinality/gco:CharacterString,1
mdb:MD_Metadata/mdb:contentInfo/mrc:MD_FeatureCatalogue/mrc:featureCatalogue/gfc:FC_FeatureCatalogue/gfc:featureType/gfc:FC_FeatureType/gfc:carrierOfCharacteristics/gfc:FC_FeatureAttribute/gfc:valueType/gco:TypeName/gco:aName/gco:CharacterString,object
mdb:MD_Metadata/mdb:contentInfo/mrc:MD_FeatureCatalogue/mrc:featureCatalogue/gfc:FC_FeatureCatalogue/gfc:featureType/gfc:FC_FeatureType/gfc:carrierOfCharacteristics/gfc:FC_FeatureAttribute/gfc:listedValue/gfc:FC_ListedValue/gfc:label/gco:CharacterString,2013
mdb:MD_Metadata/mdb:contentInfo/mrc:MD_FeatureCatalogue/mrc:featureCatalogue/gfc:FC_FeatureCatalogue/gfc:featureType/gfc:FC_FeatureType/gfc:carrierOfCharacteristics/gfc:FC_FeatureAttribute/gfc:listedValue/gfc:FC_ListedValue/gfc:label/gco:CharacterString,2016
mdb:MD_Metadata/mdb:contentInfo/mrc:MD_FeatureCatalogue/mrc:featureCatalogue/gfc:FC_FeatureCatalogue/gfc:featureType/gfc:FC_FeatureType/gfc:carrierOfCharacteristics/gfc:FC_FeatureAttribute/gfc:listedValue/gfc:FC_ListedValue/gfc:label/gco:CharacterString,2008
mdb:MD_Metadata/mdb:contentInfo/mrc:MD_FeatureCatalogue/mrc:featureCatalogue/gfc:FC_FeatureCatalogue/gfc:featureType/gfc:FC_FeatureType/gfc:carrierOfCharacteristics/gfc:FC_FeatureAttribute/gfc:listedValue/gfc:FC_ListedValue/gfc:label/gco:CharacterString,2014
mdb:MD_Metadata/mdb:contentInfo/mrc:MD_FeatureCatalogue/mrc:featureCatalogue/gfc:FC_FeatureCatalogue/gfc:featureType/gfc:FC_FeatureType/gfc:carrierOfCharacteristics/gfc:FC_FeatureAttribute/gfc:listedValue/gfc:FC_ListedValue/gfc:label/gco:CharacterString,2018
mdb:MD_Metadata/mdb:contentInfo/mrc:MD_FeatureCatalogue/mrc:featureCatalogue/gfc:FC_FeatureCatalogue/gfc:featureType/gfc:FC_FeatureType/gfc:carrierOfCharacteristics/gfc:FC_FeatureAttribute/gfc:listedValue/gfc:FC_ListedValue/gfc:label/gco:CharacterString,2015
mdb:MD_Metadata/mdb:contentInfo/mrc:MD_FeatureCatalogue/mrc:featureCatalogue/gfc:FC_FeatureCatalogue/gfc:featureType/gfc:FC_FeatureType/gfc:carrierOfCharacteristics/gfc:FC_FeatureAttribute/gfc:listedValue/gfc:FC_ListedValue/gfc:label/gco:CharacterString,2009
mdb:MD_Metadata/mdb:contentInfo/mrc:MD_FeatureCatalogue/mrc:featureCatalogue/gfc:FC_FeatureCatalogue/gfc:featureType/gfc:FC_FeatureType/gfc:carrierOfCharacteristics/gfc:FC_FeatureAttribute/gfc:listedValue/gfc:FC_ListedValue/gfc:label/gco:CharacterString,1999
mdb:MD_Metadata/mdb:contentInfo/mrc:MD_FeatureCatalogue/mrc:featureCatalogue/gfc:FC_FeatureCatalogue/gfc:featureType/gfc:FC_FeatureType/gfc:carrierOfCharacteristics/gfc:FC_FeatureAttribute/gfc:listedValue/gfc:FC_ListedValue/gfc:label/gco:CharacterString,2017
mdb:MD_Metadata/mdb:contentInfo/mrc:MD_FeatureCatalogue/mrc:featureCatalogue/gfc:FC_FeatureCatalogue/gfc:featureType/gfc:FC_FeatureType/gfc:carrierOfCharacteristics/gfc:FC_FeatureAttribute/gfc:listedValue/gfc:FC_ListedValue/gfc:label/gco:CharacterString,2004
mdb:MD_Metadata/mdb:contentInfo/mrc:MD_FeatureCatalogue/mrc:featureCatalogue/gfc:FC_FeatureCatalogue/gfc:featureType/gfc:FC_FeatureType/gfc:carrierOfCharacteristics/gfc:FC_FeatureAttribute/gfc:memberName,lineupyear
mdb:MD_Metadata/mdb:contentInfo/mrc:MD_FeatureCatalogue/mrc:featureCatalogue/gfc:FC_FeatureCatalogue/gfc:featureType/gfc:FC_FeatureType/gfc:carrierOfCharacteristics/gfc:FC_FeatureAttribute/gfc:cardinality/gco:CharacterString,1
mdb:MD_Metadata/mdb:contentInfo/mrc:MD_FeatureCatalogue/mrc:featureCatalogue/gfc:FC_FeatureCatalogue/gfc:featureType/gfc:FC_FeatureType/gfc:carrierOfCharacteristics/gfc:FC_FeatureAttribute/gfc:valueType/gco:TypeName/gco:aName/gco:CharacterString,object
mdb:MD_Metadata/mdb:contentInfo/mrc:MD_FeatureCatalogue/mrc:featureCatalogue/gfc:FC_FeatureCatalogue/gfc:featureType/gfc:FC_FeatureType/gfc:carrierOfCharacteristics/gfc:FC_FeatureAttribute/gfc:listedValue/gfc:FC_ListedValue/gfc:label/gco:CharacterString,2018
mdb:MD_Metadata/mdb:contentInfo/mrc:MD_FeatureCatalogue/mrc:featureCatalogue/gfc:FC_FeatureCatalogue/gfc:featureType/gfc:FC_FeatureType/gfc:carrierOfCharacteristics/gfc:FC_FeatureAttribute/gfc:listedValue/gfc:FC_ListedValue/gfc:label/gco:CharacterString,2015
mdb:MD_Metadata/mdb:contentInfo/mrc:MD_FeatureCatalogue/mrc:featureCatalogue/gfc:FC_FeatureCatalogue/gfc:featureType/gfc:FC_FeatureType/gfc:carrierOfCharacteristics/gfc:FC_FeatureAttribute/gfc:listedValue/gfc:FC_ListedValue/gfc:label/gco:CharacterString,nan
mdb:MD_Metadata/mdb:contentInfo/mrc:MD_FeatureCatalogue/mrc:featureCatalogue/gfc:FC_FeatureCatalogue/gfc:featureType/gfc:FC_FeatureType/gfc:carrierOfCharacteristics/gfc:FC_FeatureAttribute/gfc:memberName,survname
mdb:MD_Metadata/mdb:contentInfo/mrc:MD_FeatureCatalogue/mrc:featureCatalogue/gfc:FC_FeatureCatalogue/gfc:featureType/gfc:FC_FeatureType/gfc:carrierOfCharacteristics/gfc:FC_FeatureAttribute/gfc:cardinality/gco:CharacterString,1
mdb:MD_Metadata/mdb:contentInfo/mrc:MD_FeatureCatalogue/mrc:featureCatalogue/gfc:FC_FeatureCatalogue/gfc:featureType/gfc:FC_FeatureType/gfc:carrierOfCharacteristics/gfc:FC_FeatureAttribute/gfc:valueType/gco:TypeName/gco:aName/gco:CharacterString,object
mdb:MD_Metadata/mdb:contentInfo/mrc:MD_FeatureCatalogue/mrc:featureCatalogue/gfc:FC_FeatureCatalogue/gfc:featureType/gfc:FC_FeatureType/gfc:carrierOfCharacteristics/gfc:FC_FeatureAttribute/gfc:listedValue/gfc:FC_ListedValue/gfc:label/gco:CharacterString,HIES
mdb:MD_Metadata/mdb:contentInfo/mrc:MD_FeatureCatalogue/mrc:featureCatalogue/gfc:FC_FeatureCatalogue/gfc:featureType/gfc:FC_FeatureType/gfc:carrierOfCharacteristics/gfc:FC_FeatureAttribute/gfc:listedValue/gfc:FC_ListedValue/gfc:label/gco:CharacterString,LIS
mdb:MD_Metadata/mdb:contentInfo/mrc:MD_FeatureCatalogue/mrc:featureCatalogue/gfc:FC_FeatureCatalogue/gfc:featureType/gfc:FC_FeatureType/gfc:carrierOfCharacteristics/gfc:FC_FeatureAttribute/gfc:listedValue/gfc:FC_ListedValue/gfc:label/gco:CharacterString,SUSENAS
mdb:MD_Metadata/mdb:contentInfo/mrc:MD_FeatureCatalogue/mrc:featureCatalogue/gfc:FC_FeatureCatalogue/gfc:featureType/gfc:FC_FeatureType/gfc:carrierOfCharacteristics/gfc:FC_FeatureAttribute/gfc:listedValue/gfc:FC_ListedValue/gfc:label/gco:CharacterString,MPLCS
mdb:MD_Metadata/mdb:contentInfo/mrc:MD_FeatureCatalogue/mrc:featureCatalogue/gfc:FC_FeatureCatalogue/gfc:featureType/gfc:FC_FeatureType/gfc:carrierOfCharacteristics/gfc:FC_FeatureAttribute/gfc:listedValue/gfc:FC_ListedValue/gfc:label/gco:CharacterString,HSES
mdb:MD_Metadata/mdb:contentInfo/mrc:MD_FeatureCatalogue/mrc:featureCatalogue/gfc:FC_FeatureCatalogue/gfc:featureType/gfc:FC_FeatureType/gfc:carrierOfCharacteristics/gfc:FC_FeatureAttribute/gfc:listedValue/gfc:FC_ListedValue/gfc:label/gco:CharacterString,HIS
mdb:MD_Metadata/mdb:contentInfo/mrc:MD_FeatureCatalogue/mrc:featureCatalogue/gfc:FC_FeatureCatalogue/gfc:featureType/gfc:FC_FeatureType/gfc:carrierOfCharacteristics/gfc:FC_FeatureAttribute/gfc:listedValue/gfc:FC_ListedValue/gfc:label/gco:CharacterString,SES
mdb:MD_Metadata/mdb:contentInfo/mrc:MD_FeatureCatalogue/mrc:featureCatalogue/gfc:FC_FeatureCatalogue/gfc:featureType/gfc:FC_FeatureType/gfc:carrierOfCharacteristics/gfc:FC_FeatureAttribute/gfc:listedValue/gfc:FC_ListedValue/gfc:label/gco:CharacterString,TLSLS
mdb:MD_Metadata/mdb:contentInfo/mrc:MD_FeatureCatalogue/mrc:featureCatalogue/gfc:FC_FeatureCatalogue/gfc:featureType/gfc:FC_FeatureType/gfc:carrierOfCharacteristics/gfc:FC_FeatureAttribute/gfc:listedValue/gfc:FC_ListedValue/gfc:label/gco:CharacterString,LFS
mdb:MD_Metadata/mdb:contentInfo/mrc:MD_FeatureCatalogue/mrc:featureCatalogue/gfc:FC_FeatureCatalogue/gfc:featureType/gfc:FC_FeatureType/gfc:carrierOfCharacteristics/gfc:FC_FeatureAttribute/gfc:listedValue/gfc:FC_ListedValue/gfc:label/gco:CharacterString,CASEN
mdb:MD_Metadata/mdb:contentInfo/mrc:MD_FeatureCatalogue/mrc:featureCatalogue/gfc:FC_FeatureCatalogue/gfc:featureType/gfc:FC_FeatureType/gfc:carrierOfCharacteristics/gfc:FC_FeatureAttribute/gfc:memberName,welfaretyp
mdb:MD_Metadata/mdb:contentInfo/mrc:MD_FeatureCatalogue/mrc:featureCatalogue/gfc:FC_FeatureCatalogue/gfc:featureType/gfc:FC_FeatureType/gfc:carrierOfCharacteristics/gfc:FC_FeatureAttribute/gfc:cardinality/gco:CharacterString,1
mdb:MD_Metadata/mdb:contentInfo/mrc:MD_FeatureCatalogue/mrc:featureCatalogue/gfc:FC_FeatureCatalogue/gfc:featureType/gfc:FC_FeatureType/gfc:carrierOfCharacteristics/gfc:FC_FeatureAttribute/gfc:valueType/gco:TypeName/gco:aName/gco:CharacterString,object
mdb:MD_Metadata/mdb:contentInfo/mrc:MD_FeatureCatalogue/mrc:featureCatalogue/gfc:FC_FeatureCatalogue/gfc:featureType/gfc:FC_FeatureType/gfc:carrierOfCharacteristics/gfc:FC_FeatureAttribute/gfc:listedValue/gfc:FC_ListedValue/gfc:label/gco:CharacterString,CONS
mdb:MD_Metadata/mdb:contentInfo/mrc:MD_FeatureCatalogue/mrc:featureCatalogue/gfc:FC_FeatureCatalogue/gfc:featureType/gfc:FC_FeatureType/gfc:carrierOfCharacteristics/gfc:FC_FeatureAttribute/gfc:listedValue/gfc:FC_ListedValue/gfc:label/gco:CharacterString,INC
mdb:MD_Metadata/mdb:contentInfo/mrc:MD_FeatureCatalogue/mrc:featureCatalogue/gfc:FC_FeatureCatalogue/gfc:featureType/gfc:FC_FeatureType/gfc:carrierOfCharacteristics/gfc:FC_FeatureAttribute/gfc:listedValue/gfc:FC_ListedValue/gfc:label/gco:CharacterString,EXP
mdb:MD_Metadata/mdb:contentInfo/mrc:MD_FeatureCatalogue/mrc:featureCatalogue/gfc:FC_FeatureCatalogue/gfc:featureType/gfc:FC_FeatureType/gfc:carrierOfCharacteristics/gfc:FC_FeatureAttribute/gfc:listedValue/gfc:FC_ListedValue/gfc:label/gco:CharacterString,CONS-EXP
mdb:MD_Metadata/mdb:contentInfo/mrc:MD_FeatureCatalogue/mrc:featureCatalogue/gfc:FC_FeatureCatalogue/gfc:featureType/gfc:FC_FeatureType/gfc:carrierOfCharacteristics/gfc:FC_FeatureAttribute/gfc:listedValue/gfc:FC_ListedValue/gfc:label/gco:CharacterString,nan
mdb:MD_Metadata/mdb:contentInfo/mrc:MD_FeatureCatalogue/mrc:featureCatalogue/gfc:FC_FeatureCatalogue/gfc:featureType/gfc:FC_FeatureType/gfc:carrierOfCharacteristics/gfc:FC_FeatureAttribute/gfc:memberName,level
mdb:MD_Metadata/mdb:contentInfo/mrc:MD_FeatureCatalogue/mrc:featureCatalogue/gfc:FC_FeatureCatalogue/gfc:featureType/gfc:FC_FeatureType/gfc:carrierOfCharacteristics/gfc:FC_FeatureAttribute/gfc:cardinality/gco:CharacterString,1
mdb:MD_Metadata/mdb:contentInfo/mrc:MD_FeatureCatalogue/mrc:featureCatalogue/gfc:FC_FeatureCatalogue/gfc:featureType/gfc:FC_FeatureType/gfc:carrierOfCharacteristics/gfc:FC_FeatureAttribute/gfc:valueType/gco:TypeName/gco:aName/gco:CharacterString,object
mdb:MD_Metadata/mdb:contentInfo/mrc:MD_FeatureCatalogue/mrc:featureCatalogue/gfc:FC_FeatureCatalogue/gfc:featureType/gfc:FC_FeatureType/gfc:carrierOfCharacteristics/gfc:FC_FeatureAttribute/gfc:listedValue/gfc:FC_ListedValue/gfc:label/gco:CharacterString,subnatid1
mdb:MD_Metadata/mdb:contentInfo/mrc:MD_FeatureCatalogue/mrc:featureCatalogue/gfc:FC_FeatureCatalogue/gfc:featureType/gfc:FC_FeatureType/gfc:carrierOfCharacteristics/gfc:FC_FeatureAttribute/gfc:listedValue/gfc:FC_ListedValue/gfc:label/gco:CharacterString,region_c
mdb:MD_Metadata/mdb:contentInfo/mrc:MD_FeatureCatalogue/mrc:featureCatalogue/gfc:FC_FeatureCatalogue/gfc:featureType/gfc:FC_FeatureType/gfc:carrierOfCharacteristics/gfc:FC_FeatureAttribute/gfc:listedValue/gfc:FC_ListedValue/gfc:label/gco:CharacterString,subnatid
mdb:MD_Metadata/mdb:contentInfo/mrc:MD_FeatureCatalogue/mrc:featureCatalogue/gfc:FC_FeatureCatalogue/gfc:featureType/gfc:FC_FeatureType/gfc:carrierOfCharacteristics/gfc:FC_FeatureAttribute/gfc:listedValue/gfc:FC_ListedValue/gfc:label/gco:CharacterString,subnatid2
mdb:MD_Metadata/mdb:contentInfo/mrc:MD_FeatureCatalogue/mrc:featureCatalogue/gfc:FC_FeatureCatalogue/gfc:featureType/gfc:FC_FeatureType/gfc:carrierOfCharacteristics/gfc:FC_FeatureAttribute/gfc:listedValue/gfc:FC_ListedValue/gfc:label/gco:CharacterString,national
mdb:MD_Metadata/mdb:contentInfo/mrc:MD_FeatureCatalogue/mrc:featureCatalogue/gfc:FC_FeatureCatalogue/gfc:featureType/gfc:FC_FeatureType/gfc:carrierOfCharacteristics/gfc:FC_FeatureAttribute/gfc:listedValue/gfc:FC_ListedValue/gfc:label/gco:CharacterString,reigon_c
mdb:MD_Metadata/mdb:contentInfo/mrc:MD_FeatureCatalogue/mrc:featureCatalogue/gfc:FC_FeatureCatalogue/gfc:featureType/gfc:FC_FeatureType/gfc:carrierOfCharacteristics/gfc:FC_FeatureAttribute/gfc:listedValue/gfc:FC_ListedValue/gfc:label/gco:CharacterString,gaul_adm1_str
mdb:MD_Metadata/mdb:contentInfo/mrc:MD_FeatureCatalogue/mrc:featureCatalogue/gfc:FC_FeatureCatalogue/gfc:featureType/gfc:FC_FeatureType/gfc:carrierOfCharacteristics/gfc:FC_FeatureAttribute/gfc:listedValue/gfc:FC_ListedValue/gfc:label/gco:CharacterString,prov_s
mdb:MD_Metadata/mdb:contentInfo/mrc:MD_FeatureCatalogue/mrc:featureCatalogue/gfc:FC_FeatureCatalogue/gfc:featureType/gfc:FC_FeatureType/gfc:carrierOfCharacteristics/gfc:FC_FeatureAttribute/gfc:listedValue/gfc:FC_ListedValue/gfc:label/gco:CharacterString,subnatid0
mdb:MD_Metadata/mdb:contentInfo/mrc:MD_FeatureCatalogue/mrc:featureCatalogue/gfc:FC_FeatureCatalogue/gfc:featureType/gfc:FC_FeatureType/gfc:carrierOfCharacteristics/gfc:FC_FeatureAttribute/gfc:listedValue/gfc:FC_ListedValue/gfc:label/gco:CharacterString,subnatid3
mdb:MD_Metadata/mdb:contentInfo/mrc:MD_FeatureCatalogue/mrc:featureCatalogue/gfc:FC_FeatureCatalogue/gfc:featureType/gfc:FC_FeatureType/gfc:carrierOfCharacteristics/gfc:FC_FeatureAttribute/gfc:memberName,sample
mdb:MD_Metadata/mdb:contentInfo/mrc:MD_FeatureCatalogue/mrc:featureCatalogue/gfc:FC_FeatureCatalogue/gfc:featureType/gfc:FC_FeatureType/gfc:carrierOfCharacteristics/gfc:FC_FeatureAttribute/gfc:cardinality/gco:CharacterString,1
mdb:MD_Metadata/mdb:contentInfo/mrc:MD_FeatureCatalogue/mrc:featureCatalogue/gfc:FC_FeatureCatalogue/gfc:featureType/gfc:FC_FeatureType/gfc:carrierOfCharacteristics/gfc:FC_FeatureAttribute/gfc:valueType/gco:TypeName/gco:aName/gco:CharacterString,object
mdb:MD_Metadata/mdb:contentInfo/mrc:MD_FeatureCatalogue/mrc:featureCatalogue/gfc:FC_FeatureCatalogue/gfc:featureType/gfc:FC_FeatureType/gfc:carrierOfCharacteristics/gfc:FC_FeatureAttribute/gfc:listedValue/gfc:FC_ListedValue/gfc:label/gco:CharacterString,1�Yap
mdb:MD_Metadata/mdb:contentInfo/mrc:MD_FeatureCatalogue/mrc:featureCatalogue/gfc:FC_FeatureCatalogue/gfc:featureType/gfc:FC_FeatureType/gfc:carrierOfCharacteristics/gfc:FC_FeatureAttribute/gfc:listedValue/gfc:FC_ListedValue/gfc:label/gco:CharacterString,2�Chuuk
mdb:MD_Metadata/mdb:contentInfo/mrc:MD_FeatureCatalogue/mrc:featureCatalogue/gfc:FC_FeatureCatalogue/gfc:featureType/gfc:FC_FeatureType/gfc:carrierOfCharacteristics/gfc:FC_FeatureAttribute/gfc:listedValue/gfc:FC_ListedValue/gfc:label/gco:CharacterString,3�Pohnpei
mdb:MD_Metadata/mdb:contentInfo/mrc:MD_FeatureCatalogue/mrc:featureCatalogue/gfc:FC_FeatureCatalogue/gfc:featureType/gfc:FC_FeatureType/gfc:carrierOfCharacteristics/gfc:FC_FeatureAttribute/gfc:listedValue/gfc:FC_ListedValue/gfc:label/gco:CharacterString,4�Kosrae
mdb:MD_Metadata/mdb:contentInfo/mrc:MD_FeatureCatalogue/mrc:featureCatalogue/gfc:FC_FeatureCatalogue/gfc:featureType/gfc:FC_FeatureType/gfc:carrierOfCharacteristics/gfc:FC_FeatureAttribute/gfc:listedValue/gfc:FC_ListedValue/gfc:label/gco:CharacterString,[1]Taipei city
mdb:MD_Metadata/mdb:contentInfo/mrc:MD_FeatureCatalogue/mrc:featureCatalogue/gfc:FC_FeatureCatalogue/gfc:featureType/gfc:FC_FeatureType/gfc:carrierOfCharacteristics/gfc:FC_FeatureAttribute/gfc:listedValue/gfc:FC_ListedValue/gfc:label/gco:CharacterString,[10]Chiayi county
mdb:MD_Metadata/mdb:contentInfo/mrc:MD_FeatureCatalogue/mrc:featureCatalogue/gfc:FC_FeatureCatalogue/gfc:featureType/gfc:FC_FeatureType/gfc:carrierOfCharacteristics/gfc:FC_FeatureAttribute/gfc:listedValue/gfc:FC_ListedValue/gfc:label/gco:CharacterString,[13]Pingtung county
mdb:MD_Metadata/mdb:contentInfo/mrc:MD_FeatureCatalogue/mrc:featureCatalogue/gfc:FC_FeatureCatalogue/gfc:featureType/gfc:FC_FeatureType/gfc:carrierOfCharacteristics/gfc:FC_FeatureAttribute/gfc:listedValue/gfc:FC_ListedValue/gfc:label/gco:CharacterString,[14]Taitung county
mdb:MD_Metadata/mdb:contentInfo/mrc:MD_FeatureCatalogue/mrc:featureCatalogue/gfc:FC_FeatureCatalogue/gfc:featureType/gfc:FC_FeatureType/gfc:carrierOfCharacteristics/gfc:FC_FeatureAttribute/gfc:listedValue/gfc:FC_ListedValue/gfc:label/gco:CharacterString,[15]Hualien county
mdb:MD_Metadata/mdb:contentInfo/mrc:MD_FeatureCatalogue/mrc:featureCatalogue/gfc:FC_FeatureCatalogue/gfc:featureType/gfc:FC_FeatureType/gfc:carrierOfCharacteristics/gfc:FC_FeatureAttribute/gfc:listedValue/gfc:FC_ListedValue/gfc:label/gco:CharacterString,[16]Penghu county
mdb:MD_Metadata/mdb:contentInfo/mrc:MD_FeatureCatalogue/mrc:featureCatalogue/gfc:FC_FeatureCatalogue/gfc:featureType/gfc:FC_FeatureType/gfc:carrierOfCharacteristics/gfc:FC_FeatureAttribute/gfc:memberName,GSAP2_regi
mdb:MD_Metadata/mdb:contentInfo/mrc:MD_FeatureCatalogue/mrc:featureCatalogue/gfc:FC_FeatureCatalogue/gfc:featureType/gfc:FC_FeatureType/gfc:carrierOfCharacteristics/gfc:FC_FeatureAttribute/gfc:cardinality/gco:CharacterString,1
mdb:MD_Metadata/mdb:contentInfo/mrc:MD_FeatureCatalogue/mrc:featureCatalogue/gfc:FC_FeatureCatalogue/gfc:featureType/gfc:FC_FeatureType/gfc:carrierOfCharacteristics/gfc:FC_FeatureAttribute/gfc:valueType/gco:TypeName/gco:aName/gco:CharacterString,object
mdb:MD_Metadata/mdb:contentInfo/mrc:MD_FeatureCatalogue/mrc:featureCatalogue/gfc:FC_FeatureCatalogue/gfc:featureType/gfc:FC_FeatureType/gfc:carrierOfCharacteristics/gfc:FC_FeatureAttribute/gfc:listedValue/gfc:FC_ListedValue/gfc:label/gco:CharacterString,EAP
mdb:MD_Metadata/mdb:contentInfo/mrc:MD_FeatureCatalogue/mrc:featureCatalogue/gfc:FC_FeatureCatalogue/gfc:featureType/gfc:FC_FeatureType/gfc:carrierOfCharacteristics/gfc:FC_FeatureAttribute/gfc:listedValue/gfc:FC_ListedValue/gfc:label/gco:CharacterString,LAC
mdb:MD_Metadata/mdb:contentInfo/mrc:MD_FeatureCatalogue/mrc:featureCatalogue/gfc:FC_FeatureCatalogue/gfc:featureType/gfc:FC_FeatureType/gfc:carrierOfCharacteristics/gfc:FC_FeatureAttribute/gfc:listedValue/gfc:FC_ListedValue/gfc:label/gco:CharacterString,ECA
mdb:MD_Metadata/mdb:contentInfo/mrc:MD_FeatureCatalogue/mrc:featureCatalogue/gfc:FC_FeatureCatalogue/gfc:featureType/gfc:FC_FeatureType/gfc:carrierOfCharacteristics/gfc:FC_FeatureAttribute/gfc:listedValue/gfc:FC_ListedValue/gfc:label/gco:CharacterString,nan
mdb:MD_Metadata/mdb:contentInfo/mrc:MD_FeatureCatalogue/mrc:featureCatalogue/gfc:FC_FeatureCatalogue/gfc:featureType/gfc:FC_FeatureType/gfc:carrierOfCharacteristics/gfc:FC_FeatureAttribute/gfc:listedValue/gfc:FC_ListedValue/gfc:label/gco:CharacterString,MNA
mdb:MD_Metadata/mdb:contentInfo/mrc:MD_FeatureCatalogue/mrc:featureCatalogue/gfc:FC_FeatureCatalogue/gfc:featureType/gfc:FC_FeatureType/gfc:carrierOfCharacteristics/gfc:FC_FeatureAttribute/gfc:listedValue/gfc:FC_ListedValue/gfc:label/gco:CharacterString,OHI
mdb:MD_Metadata/mdb:contentInfo/mrc:MD_FeatureCatalogue/mrc:featureCatalogue/gfc:FC_FeatureCatalogue/gfc:featureType/gfc:FC_FeatureType/gfc:carrierOfCharacteristics/gfc:FC_FeatureAttribute/gfc:listedValue/gfc:FC_ListedValue/gfc:label/gco:CharacterString,SAR
mdb:MD_Metadata/mdb:contentInfo/mrc:MD_FeatureCatalogue/mrc:featureCatalogue/gfc:FC_FeatureCatalogue/gfc:featureType/gfc:FC_FeatureType/gfc:carrierOfCharacteristics/gfc:FC_FeatureAttribute/gfc:listedValue/gfc:FC_ListedValue/gfc:label/gco:CharacterString,SSA
mdb:MD_Metadata/mdb:contentInfo/mrc:MD_FeatureCatalogue/mrc:featureCatalogue/gfc:FC_FeatureCatalogue/gfc:featureType/gfc:FC_FeatureType/gfc:carrierOfCharacteristics/gfc:FC_FeatureAttribute/gfc:memberName,GSAP2_code
mdb:MD_Metadata/mdb:contentInfo/mrc:MD_FeatureCatalogue/mrc:featureCatalogue/gfc:FC_FeatureCatalogue/gfc:featureType/gfc:FC_FeatureType/gfc:carrierOfCharacteristics/gfc:FC_FeatureAttribute/gfc:cardinality/gco:CharacterString,1
mdb:MD_Metadata/mdb:contentInfo/mrc:MD_FeatureCatalogue/mrc:featureCatalogue/gfc:FC_FeatureCatalogue/gfc:featureType/gfc:FC_FeatureType/gfc:carrierOfCharacteristics/gfc:FC_FeatureAttribute/gfc:valueType/gco:TypeName/gco:aName/gco:CharacterString,object
mdb:MD_Metadata/mdb:contentInfo/mrc:MD_FeatureCatalogue/mrc:featureCatalogue/gfc:FC_FeatureCatalogue/gfc:featureType/gfc:FC_FeatureType/gfc:carrierOfCharacteristics/gfc:FC_FeatureAttribute/gfc:listedValue/gfc:FC_ListedValue/gfc:label/gco:CharacterString,FSM
mdb:MD_Metadata/mdb:contentInfo/mrc:MD_FeatureCatalogue/mrc:featureCatalogue/gfc:FC_FeatureCatalogue/gfc:featureType/gfc:FC_FeatureType/gfc:carrierOfCharacteristics/gfc:FC_FeatureAttribute/gfc:listedValue/gfc:FC_ListedValue/gfc:label/gco:CharacterString,TWN
mdb:MD_Metadata/mdb:contentInfo/mrc:MD_FeatureCatalogue/mrc:featureCatalogue/gfc:FC_FeatureCatalogue/gfc:featureType/gfc:FC_FeatureType/gfc:carrierOfCharacteristics/gfc:FC_FeatureAttribute/gfc:listedValue/gfc:FC_ListedValue/gfc:label/gco:CharacterString,WSM
mdb:MD_Metadata/mdb:contentInfo/mrc:MD_FeatureCatalogue/mrc:featureCatalogue/gfc:FC_FeatureCatalogue/gfc:featureType/gfc:FC_FeatureType/gfc:carrierOfCharacteristics/gfc:FC_FeatureAttribute/gfc:listedValue/gfc:FC_ListedValue/gfc:label/gco:CharacterString,AUS
mdb:MD_Metadata/mdb:contentInfo/mrc:MD_FeatureCatalogue/mrc:featureCatalogue/gfc:FC_FeatureCatalogue/gfc:featureType/gfc:FC_FeatureType/gfc:carrierOfCharacteristics/gfc:FC_FeatureAttribute/gfc:listedValue/gfc:FC_ListedValue/gfc:label/gco:CharacterString,IDN
mdb:MD_Metadata/mdb:contentInfo/mrc:MD_FeatureCatalogue/mrc:featureCatalogue/gfc:FC_FeatureCatalogue/gfc:featureType/gfc:FC_FeatureType/gfc:carrierOfCharacteristics/gfc:FC_FeatureAttribute/gfc:listedValue/gfc:FC_ListedValue/gfc:label/gco:CharacterString,JPN
mdb:MD_Metadata/mdb:contentInfo/mrc:MD_FeatureCatalogue/mrc:featureCatalogue/gfc:FC_FeatureCatalogue/gfc:featureType/gfc:FC_FeatureType/gfc:carrierOfCharacteristics/gfc:FC_FeatureAttribute/gfc:listedValue/gfc:FC_ListedValue/gfc:label/gco:CharacterString,MMR
mdb:MD_Metadata/mdb:contentInfo/mrc:MD_FeatureCatalogue/mrc:featureCatalogue/gfc:FC_FeatureCatalogue/gfc:featureType/gfc:FC_FeatureType/gfc:carrierOfCharacteristics/gfc:FC_FeatureAttribute/gfc:listedValue/gfc:FC_ListedValue/gfc:label/gco:CharacterString,MNG
mdb:MD_Metadata/mdb:contentInfo/mrc:MD_FeatureCatalogue/mrc:featureCatalogue/gfc:FC_FeatureCatalogue/gfc:featureType/gfc:FC_FeatureType/gfc:carrierOfCharacteristics/gfc:FC_FeatureAttribute/gfc:listedValue/gfc:FC_ListedValue/gfc:label/gco:CharacterString,MYS
mdb:MD_Metadata/mdb:contentInfo/mrc:MD_FeatureCatalogue/mrc:featureCatalogue/gfc:FC_FeatureCatalogue/gfc:featureType/gfc:FC_FeatureType/gfc:carrierOfCharacteristics/gfc:FC_FeatureAttribute/gfc:listedValue/gfc:FC_ListedValue/gfc:label/gco:CharacterString,PNG
mdb:MD_Metadata/mdb:contentInfo/mrc:MD_FeatureCatalogue/mrc:featureCatalogue/gfc:FC_FeatureCatalogue/gfc:featureType/gfc:FC_FeatureType/gfc:carrierOfCharacteristics/gfc:FC_FeatureAttribute/gfc:memberName,GSAP2_base
mdb:MD_Metadata/mdb:contentInfo/mrc:MD_FeatureCatalogue/mrc:featureCatalogue/gfc:FC_FeatureCatalogue/gfc:featureType/gfc:FC_FeatureType/gfc:carrierOfCharacteristics/gfc:FC_FeatureAttribute/gfc:cardinality/gco:CharacterString,1
mdb:MD_Metadata/mdb:contentInfo/mrc:MD_FeatureCatalogue/mrc:featureCatalogue/gfc:FC_FeatureCatalogue/gfc:featureType/gfc:FC_FeatureType/gfc:carrierOfCharacteristics/gfc:FC_FeatureAttribute/gfc:valueType/gco:TypeName/gco:aName/gco:CharacterString,object
mdb:MD_Metadata/mdb:contentInfo/mrc:MD_FeatureCatalogue/mrc:featureCatalogue/gfc:FC_FeatureCatalogue/gfc:featureType/gfc:FC_FeatureType/gfc:carrierOfCharacteristics/gfc:FC_FeatureAttribute/gfc:listedValue/gfc:FC_ListedValue/gfc:label/gco:CharacterString,2013
mdb:MD_Metadata/mdb:contentInfo/mrc:MD_FeatureCatalogue/mrc:featureCatalogue/gfc:FC_FeatureCatalogue/gfc:featureType/gfc:FC_FeatureType/gfc:carrierOfCharacteristics/gfc:FC_FeatureAttribute/gfc:listedValue/gfc:FC_ListedValue/gfc:label/gco:CharacterString,2016
mdb:MD_Metadata/mdb:contentInfo/mrc:MD_FeatureCatalogue/mrc:featureCatalogue/gfc:FC_FeatureCatalogue/gfc:featureType/gfc:FC_FeatureType/gfc:carrierOfCharacteristics/gfc:FC_FeatureAttribute/gfc:listedValue/gfc:FC_ListedValue/gfc:label/gco:CharacterString,2008
mdb:MD_Metadata/mdb:contentInfo/mrc:MD_FeatureCatalogue/mrc:featureCatalogue/gfc:FC_FeatureCatalogue/gfc:featureType/gfc:FC_FeatureType/gfc:carrierOfCharacteristics/gfc:FC_FeatureAttribute/gfc:listedValue/gfc:FC_ListedValue/gfc:label/gco:CharacterString,2014
mdb:MD_Metadata/mdb:contentInfo/mrc:MD_FeatureCatalogue/mrc:featureCatalogue/gfc:FC_FeatureCatalogue/gfc:featureType/gfc:FC_FeatureType/gfc:carrierOfCharacteristics/gfc:FC_FeatureAttribute/gfc:listedValue/gfc:FC_ListedValue/gfc:label/gco:CharacterString,2018
mdb:MD_Metadata/mdb:contentInfo/mrc:MD_FeatureCatalogue/mrc:featureCatalogue/gfc:FC_FeatureCatalogue/gfc:featureType/gfc:FC_FeatureType/gfc:carrierOfCharacteristics/gfc:FC_FeatureAttribute/gfc:listedValue/gfc:FC_ListedValue/gfc:label/gco:CharacterString,2015
mdb:MD_Metadata/mdb:contentInfo/mrc:MD_FeatureCatalogue/mrc:featureCatalogue/gfc:FC_FeatureCatalogue/gfc:featureType/gfc:FC_FeatureType/gfc:carrierOfCharacteristics/gfc:FC_FeatureAttribute/gfc:listedValue/gfc:FC_ListedValue/gfc:label/gco:CharacterString,2009
mdb:MD_Metadata/mdb:contentInfo/mrc:MD_FeatureCatalogue/mrc:featureCatalogue/gfc:FC_FeatureCatalogue/gfc:featureType/gfc:FC_FeatureType/gfc:carrierOfCharacteristics/gfc:FC_FeatureAttribute/gfc:listedValue/gfc:FC_ListedValue/gfc:label/gco:CharacterString,1999
mdb:MD_Metadata/mdb:contentInfo/mrc:MD_FeatureCatalogue/mrc:featureCatalogue/gfc:FC_FeatureCatalogue/gfc:featureType/gfc:FC_FeatureType/gfc:carrierOfCharacteristics/gfc:FC_FeatureAttribute/gfc:listedValue/gfc:FC_ListedValue/gfc:label/gco:CharacterString,2017
mdb:MD_Metadata/mdb:contentInfo/mrc:MD_FeatureCatalogue/mrc:featureCatalogue/gfc:FC_FeatureCatalogue/gfc:featureType/gfc:FC_FeatureType/gfc:carrierOfCharacteristics/gfc:FC_FeatureAttribute/gfc:listedValue/gfc:FC_ListedValue/gfc:label/gco:CharacterString,2004
mdb:MD_Metadata/mdb:contentInfo/mrc:MD_FeatureCatalogue/mrc:featureCatalogue/gfc:FC_FeatureCatalogue/gfc:featureType/gfc:FC_FeatureType/gfc:carrierOfCharacteristics/gfc:FC_FeatureAttribute/gfc:memberName,GSAP2_line
mdb:MD_Metadata/mdb:contentInfo/mrc:MD_FeatureCatalogue/mrc:featureCatalogue/gfc:FC_FeatureCatalogue/gfc:featureType/gfc:FC_FeatureType/gfc:carrierOfCharacteristics/gfc:FC_FeatureAttribute/gfc:cardinality/gco:CharacterString,1
mdb:MD_Metadata/mdb:contentInfo/mrc:MD_FeatureCatalogue/mrc:featureCatalogue/gfc:FC_FeatureCatalogue/gfc:featureType/gfc:FC_FeatureType/gfc:carrierOfCharacteristics/gfc:FC_FeatureAttribute/gfc:valueType/gco:TypeName/gco:aName/gco:CharacterString,object
mdb:MD_Metadata/mdb:contentInfo/mrc:MD_FeatureCatalogue/mrc:featureCatalogue/gfc:FC_FeatureCatalogue/gfc:featureType/gfc:FC_FeatureType/gfc:carrierOfCharacteristics/gfc:FC_FeatureAttribute/gfc:listedValue/gfc:FC_ListedValue/gfc:label/gco:CharacterString,2018
mdb:MD_Metadata/mdb:contentInfo/mrc:MD_FeatureCatalogue/mrc:featureCatalogue/gfc:FC_FeatureCatalogue/gfc:featureType/gfc:FC_FeatureType/gfc:carrierOfCharacteristics/gfc:FC_FeatureAttribute/gfc:listedValue/gfc:FC_ListedValue/gfc:label/gco:CharacterString,nan
mdb:MD_Metadata/mdb:contentInfo/mrc:MD_FeatureCatalogue/mrc:featureCatalogue/gfc:FC_FeatureCatalogue/gfc:featureType/gfc:FC_FeatureType/gfc:carrierOfCharacteristics/gfc:FC_FeatureAttribute/gfc:listedValue/gfc:FC_ListedValue/gfc:label/gco:CharacterString,2015
mdb:MD_Metadata/mdb:contentInfo/mrc:MD_FeatureCatalogue/mrc:featureCatalogue/gfc:FC_FeatureCatalogue/gfc:featureType/gfc:FC_FeatureType/gfc:carrierOfCharacteristics/gfc:FC_FeatureAttribute/gfc:memberName,GSAP2_surv
mdb:MD_Metadata/mdb:contentInfo/mrc:MD_FeatureCatalogue/mrc:featureCatalogue/gfc:FC_FeatureCatalogue/gfc:featureType/gfc:FC_FeatureType/gfc:carrierOfCharacteristics/gfc:FC_FeatureAttribute/gfc:cardinality/gco:CharacterString,1
mdb:MD_Metadata/mdb:contentInfo/mrc:MD_FeatureCatalogue/mrc:featureCatalogue/gfc:FC_FeatureCatalogue/gfc:featureType/gfc:FC_FeatureType/gfc:carrierOfCharacteristics/gfc:FC_FeatureAttribute/gfc:valueType/gco:TypeName/gco:aName/gco:CharacterString,object
mdb:MD_Metadata/mdb:contentInfo/mrc:MD_FeatureCatalogue/mrc:featureCatalogue/gfc:FC_FeatureCatalogue/gfc:featureType/gfc:FC_FeatureType/gfc:carrierOfCharacteristics/gfc:FC_FeatureAttribute/gfc:listedValue/gfc:FC_ListedValue/gfc:label/gco:CharacterString,HIES
mdb:MD_Metadata/mdb:contentInfo/mrc:MD_FeatureCatalogue/mrc:featureCatalogue/gfc:FC_FeatureCatalogue/gfc:featureType/gfc:FC_FeatureType/gfc:carrierOfCharacteristics/gfc:FC_FeatureAttribute/gfc:listedValue/gfc:FC_ListedValue/gfc:label/gco:CharacterString,LIS
mdb:MD_Metadata/mdb:contentInfo/mrc:MD_FeatureCatalogue/mrc:featureCatalogue/gfc:FC_FeatureCatalogue/gfc:featureType/gfc:FC_FeatureType/gfc:carrierOfCharacteristics/gfc:FC_FeatureAttribute/gfc:listedValue/gfc:FC_ListedValue/gfc:label/gco:CharacterString,SUSENAS
mdb:MD_Metadata/mdb:contentInfo/mrc:MD_FeatureCatalogue/mrc:featureCatalogue/gfc:FC_FeatureCatalogue/gfc:featureType/gfc:FC_FeatureType/gfc:carrierOfCharacteristics/gfc:FC_FeatureAttribute/gfc:listedValue/gfc:FC_ListedValue/gfc:label/gco:CharacterString,MPLCS
mdb:MD_Metadata/mdb:contentInfo/mrc:MD_FeatureCatalogue/mrc:featureCatalogue/gfc:FC_FeatureCatalogue/gfc:featureType/gfc:FC_FeatureType/gfc:carrierOfCharacteristics/gfc:FC_FeatureAttribute/gfc:listedValue/gfc:FC_ListedValue/gfc:label/gco:CharacterString,HSES
mdb:MD_Metadata/mdb:contentInfo/mrc:MD_FeatureCatalogue/mrc:featureCatalogue/gfc:FC_FeatureCatalogue/gfc:featureType/gfc:FC_FeatureType/gfc:carrierOfCharacteristics/gfc:FC_FeatureAttribute/gfc:listedValue/gfc:FC_ListedValue/gfc:label/gco:CharacterString,HIS
mdb:MD_Metadata/mdb:contentInfo/mrc:MD_FeatureCatalogue/mrc:featureCatalogue/gfc:FC_FeatureCatalogue/gfc:featureType/gfc:FC_FeatureType/gfc:carrierOfCharacteristics/gfc:FC_FeatureAttribute/gfc:listedValue/gfc:FC_ListedValue/gfc:label/gco:CharacterString,SES
mdb:MD_Metadata/mdb:contentInfo/mrc:MD_FeatureCatalogue/mrc:featureCatalogue/gfc:FC_FeatureCatalogue/gfc:featureType/gfc:FC_FeatureType/gfc:carrierOfCharacteristics/gfc:FC_FeatureAttribute/gfc:listedValue/gfc:FC_ListedValue/gfc:label/gco:CharacterString,TLSLS
mdb:MD_Metadata/mdb:contentInfo/mrc:MD_FeatureCatalogue/mrc:featureCatalogue/gfc:FC_FeatureCatalogue/gfc:featureType/gfc:FC_FeatureType/gfc:carrierOfCharacteristics/gfc:FC_FeatureAttribute/gfc:listedValue/gfc:FC_ListedValue/gfc:label/gco:CharacterString,LFS
mdb:MD_Metadata/mdb:contentInfo/mrc:MD_FeatureCatalogue/mrc:featureCatalogue/gfc:FC_FeatureCatalogue/gfc:featureType/gfc:FC_FeatureType/gfc:carrierOfCharacteristics/gfc:FC_FeatureAttribute/gfc:listedValue/gfc:FC_ListedValue/gfc:label/gco:CharacterString,CASEN
mdb:MD_Metadata/mdb:contentInfo/mrc:MD_FeatureCatalogue/mrc:featureCatalogue/gfc:FC_FeatureCatalogue/gfc:featureType/gfc:FC_FeatureType/gfc:carrierOfCharacteristics/gfc:FC_FeatureAttribute/gfc:memberName,GSAP2_welf
mdb:MD_Metadata/mdb:contentInfo/mrc:MD_FeatureCatalogue/mrc:featureCatalogue/gfc:FC_FeatureCatalogue/gfc:featureType/gfc:FC_FeatureType/gfc:carrierOfCharacteristics/gfc:FC_FeatureAttribute/gfc:cardinality/gco:CharacterString,1
mdb:MD_Metadata/mdb:contentInfo/mrc:MD_FeatureCatalogue/mrc:featureCatalogue/gfc:FC_FeatureCatalogue/gfc:featureType/gfc:FC_FeatureType/gfc:carrierOfCharacteristics/gfc:FC_FeatureAttribute/gfc:valueType/gco:TypeName/gco:aName/gco:CharacterString,object
mdb:MD_Metadata/mdb:contentInfo/mrc:MD_FeatureCatalogue/mrc:featureCatalogue/gfc:FC_FeatureCatalogue/gfc:featureType/gfc:FC_FeatureType/gfc:carrierOfCharacteristics/gfc:FC_FeatureAttribute/gfc:listedValue/gfc:FC_ListedValue/gfc:label/gco:CharacterString,nan
mdb:MD_Metadata/mdb:contentInfo/mrc:MD_FeatureCatalogue/mrc:featureCatalogue/gfc:FC_FeatureCatalogue/gfc:featureType/gfc:FC_FeatureType/gfc:carrierOfCharacteristics/gfc:FC_FeatureAttribute/gfc:listedValue/gfc:FC_ListedValue/gfc:label/gco:CharacterString,INC
mdb:MD_Metadata/mdb:contentInfo/mrc:MD_FeatureCatalogue/mrc:featureCatalogue/gfc:FC_FeatureCatalogue/gfc:featureType/gfc:FC_FeatureType/gfc:carrierOfCharacteristics/gfc:FC_FeatureAttribute/gfc:listedValue/gfc:FC_ListedValue/gfc:label/gco:CharacterString,CONS
mdb:MD_Metadata/mdb:contentInfo/mrc:MD_FeatureCatalogue/mrc:featureCatalogue/gfc:FC_FeatureCatalogue/gfc:featureType/gfc:FC_FeatureType/gfc:carrierOfCharacteristics/gfc:FC_FeatureAttribute/gfc:listedValue/gfc:FC_ListedValue/gfc:label/gco:CharacterString,EXP
mdb:MD_Metadata/mdb:contentInfo/mrc:MD_FeatureCatalogue/mrc:featureCatalogue/gfc:FC_FeatureCatalogue/gfc:featureType/gfc:FC_FeatureType/gfc:carrierOfCharacteristics/gfc:FC_FeatureAttribute/gfc:listedValue/gfc:FC_ListedValue/gfc:label/gco:CharacterString,CONS-EXP
mdb:MD_Metadata/mdb:contentInfo/mrc:MD_FeatureCatalogue/mrc:featureCatalogue/gfc:FC_FeatureCatalogue/gfc:featureType/gfc:FC_FeatureType/gfc:carrierOfCharacteristics/gfc:FC_FeatureAttribute/gfc:memberName,GSAP2_leve
mdb:MD_Metadata/mdb:contentInfo/mrc:MD_FeatureCatalogue/mrc:featureCatalogue/gfc:FC_FeatureCatalogue/gfc:featureType/gfc:FC_FeatureType/gfc:carrierOfCharacteristics/gfc:FC_FeatureAttribute/gfc:cardinality/gco:CharacterString,1
mdb:MD_Metadata/mdb:contentInfo/mrc:MD_FeatureCatalogue/mrc:featureCatalogue/gfc:FC_FeatureCatalogue/gfc:featureType/gfc:FC_FeatureType/gfc:carrierOfCharacteristics/gfc:FC_FeatureAttribute/gfc:valueType/gco:TypeName/gco:aName/gco:CharacterString,object
mdb:MD_Metadata/mdb:contentInfo/mrc:MD_FeatureCatalogue/mrc:featureCatalogue/gfc:FC_FeatureCatalogue/gfc:featureType/gfc:FC_FeatureType/gfc:carrierOfCharacteristics/gfc:FC_FeatureAttribute/gfc:listedValue/gfc:FC_ListedValue/gfc:label/gco:CharacterString,subnatid1
mdb:MD_Metadata/mdb:contentInfo/mrc:MD_FeatureCatalogue/mrc:featureCatalogue/gfc:FC_FeatureCatalogue/gfc:featureType/gfc:FC_FeatureType/gfc:carrierOfCharacteristics/gfc:FC_FeatureAttribute/gfc:listedValue/gfc:FC_ListedValue/gfc:label/gco:CharacterString,region_c
mdb:MD_Metadata/mdb:contentInfo/mrc:MD_FeatureCatalogue/mrc:featureCatalogue/gfc:FC_FeatureCatalogue/gfc:featureType/gfc:FC_FeatureType/gfc:carrierOfCharacteristics/gfc:FC_FeatureAttribute/gfc:listedValue/gfc:FC_ListedValue/gfc:label/gco:CharacterString,subnatid
mdb:MD_Metadata/mdb:contentInfo/mrc:MD_FeatureCatalogue/mrc:featureCatalogue/gfc:FC_FeatureCatalogue/gfc:featureType/gfc:FC_FeatureType/gfc:carrierOfCharacteristics/gfc:FC_FeatureAttribute/gfc:listedValue/gfc:FC_ListedValue/gfc:label/gco:CharacterString,subnatid2
mdb:MD_Metadata/mdb:contentInfo/mrc:MD_FeatureCatalogue/mrc:featureCatalogue/gfc:FC_FeatureCatalogue/gfc:featureType/gfc:FC_FeatureType/gfc:carrierOfCharacteristics/gfc:FC_FeatureAttribute/gfc:listedValue/gfc:FC_ListedValue/gfc:label/gco:CharacterString,national
mdb:MD_Metadata/mdb:contentInfo/mrc:MD_FeatureCatalogue/mrc:featureCatalogue/gfc:FC_FeatureCatalogue/gfc:featureType/gfc:FC_FeatureType/gfc:carrierOfCharacteristics/gfc:FC_FeatureAttribute/gfc:listedValue/gfc:FC_ListedValue/gfc:label/gco:CharacterString,nan
mdb:MD_Metadata/mdb:contentInfo/mrc:MD_FeatureCatalogue/mrc:featureCatalogue/gfc:FC_FeatureCatalogue/gfc:featureType/gfc:FC_FeatureType/gfc:carrierOfCharacteristics/gfc:FC_FeatureAttribute/gfc:listedValue/gfc:FC_ListedValue/gfc:label/gco:CharacterString,reigon_c
mdb:MD_Metadata/mdb:contentInfo/mrc:MD_FeatureCatalogue/mrc:featureCatalogue/gfc:FC_FeatureCatalogue/gfc:featureType/gfc:FC_FeatureType/gfc:carrierOfCharacteristics/gfc:FC_FeatureAttribute/gfc:listedValue/gfc:FC_ListedValue/gfc:label/gco:CharacterString,gaul_adm1_str
mdb:MD_Metadata/mdb:contentInfo/mrc:MD_FeatureCatalogue/mrc:featureCatalogue/gfc:FC_FeatureCatalogue/gfc:featureType/gfc:FC_FeatureType/gfc:carrierOfCharacteristics/gfc:FC_FeatureAttribute/gfc:listedValue/gfc:FC_ListedValue/gfc:label/gco:CharacterString,prov_s
mdb:MD_Metadata/mdb:contentInfo/mrc:MD_FeatureCatalogue/mrc:featureCatalogue/gfc:FC_FeatureCatalogue/gfc:featureType/gfc:FC_FeatureType/gfc:carrierOfCharacteristics/gfc:FC_FeatureAttribute/gfc:listedValue/gfc:FC_ListedValue/gfc:label/gco:CharacterString,subnatid0
mdb:MD_Metadata/mdb:contentInfo/mrc:MD_FeatureCatalogue/mrc:featureCatalogue/gfc:FC_FeatureCatalogue/gfc:featureType/gfc:FC_FeatureType/gfc:carrierOfCharacteristics/gfc:FC_FeatureAttribute/gfc:memberName,GSAP2_samp
mdb:MD_Metadata/mdb:contentInfo/mrc:MD_FeatureCatalogue/mrc:featureCatalogue/gfc:FC_FeatureCatalogue/gfc:featureType/gfc:FC_FeatureType/gfc:carrierOfCharacteristics/gfc:FC_FeatureAttribute/gfc:cardinality/gco:CharacterString,1
mdb:MD_Metadata/mdb:contentInfo/mrc:MD_FeatureCatalogue/mrc:featureCatalogue/gfc:FC_FeatureCatalogue/gfc:featureType/gfc:FC_FeatureType/gfc:carrierOfCharacteristics/gfc:FC_FeatureAttribute/gfc:valueType/gco:TypeName/gco:aName/gco:CharacterString,object
mdb:MD_Metadata/mdb:contentInfo/mrc:MD_FeatureCatalogue/mrc:featureCatalogue/gfc:FC_FeatureCatalogue/gfc:featureType/gfc:FC_FeatureType/gfc:carrierOfCharacteristics/gfc:FC_FeatureAttribute/gfc:listedValue/gfc:FC_ListedValue/gfc:label/gco:CharacterString,1-Yap
mdb:MD_Metadata/mdb:contentInfo/mrc:MD_FeatureCatalogue/mrc:featureCatalogue/gfc:FC_FeatureCatalogue/gfc:featureType/gfc:FC_FeatureType/gfc:carrierOfCharacteristics/gfc:FC_FeatureAttribute/gfc:listedValue/gfc:FC_ListedValue/gfc:label/gco:CharacterString,2-Chuuk
mdb:MD_Metadata/mdb:contentInfo/mrc:MD_FeatureCatalogue/mrc:featureCatalogue/gfc:FC_FeatureCatalogue/gfc:featureType/gfc:FC_FeatureType/gfc:carrierOfCharacteristics/gfc:FC_FeatureAttribute/gfc:listedValue/gfc:FC_ListedValue/gfc:label/gco:CharacterString,3-Pohnpei
mdb:MD_Metadata/mdb:contentInfo/mrc:MD_FeatureCatalogue/mrc:featureCatalogue/gfc:FC_FeatureCatalogue/gfc:featureType/gfc:FC_FeatureType/gfc:carrierOfCharacteristics/gfc:FC_FeatureAttribute/gfc:listedValue/gfc:FC_ListedValue/gfc:label/gco:CharacterString,4-Kosrae
mdb:MD_Metadata/mdb:contentInfo/mrc:MD_FeatureCatalogue/mrc:featureCatalogue/gfc:FC_FeatureCatalogue/gfc:featureType/gfc:FC_FeatureType/gfc:carrierOfCharacteristics/gfc:FC_FeatureAttribute/gfc:listedValue/gfc:FC_ListedValue/gfc:label/gco:CharacterString,[1]Taipei city
mdb:MD_Metadata/mdb:contentInfo/mrc:MD_FeatureCatalogue/mrc:featureCatalogue/gfc:FC_FeatureCatalogue/gfc:featureType/gfc:FC_FeatureType/gfc:carrierOfCharacteristics/gfc:FC_FeatureAttribute/gfc:listedValue/gfc:FC_ListedValue/gfc:label/gco:CharacterString,[10]Chiayi county
mdb:MD_Metadata/mdb:contentInfo/mrc:MD_FeatureCatalogue/mrc:featureCatalogue/gfc:FC_FeatureCatalogue/gfc:featureType/gfc:FC_FeatureType/gfc:carrierOfCharacteristics/gfc:FC_FeatureAttribute/gfc:listedValue/gfc:FC_ListedValue/gfc:label/gco:CharacterString,[13]Pingtung county
mdb:MD_Metadata/mdb:contentInfo/mrc:MD_FeatureCatalogue/mrc:featureCatalogue/gfc:FC_FeatureCatalogue/gfc:featureType/gfc:FC_FeatureType/gfc:carrierOfCharacteristics/gfc:FC_FeatureAttribute/gfc:listedValue/gfc:FC_ListedValue/gfc:label/gco:CharacterString,[14]Taitung county
mdb:MD_Metadata/mdb:contentInfo/mrc:MD_FeatureCatalogue/mrc:featureCatalogue/gfc:FC_FeatureCatalogue/gfc:featureType/gfc:FC_FeatureType/gfc:carrierOfCharacteristics/gfc:FC_FeatureAttribute/gfc:listedValue/gfc:FC_ListedValue/gfc:label/gco:CharacterString,[15]Hualien county
mdb:MD_Metadata/mdb:contentInfo/mrc:MD_FeatureCatalogue/mrc:featureCatalogue/gfc:FC_FeatureCatalogue/gfc:featureType/gfc:FC_FeatureType/gfc:carrierOfCharacteristics/gfc:FC_FeatureAttribute/gfc:listedValue/gfc:FC_ListedValue/gfc:label/gco:CharacterString,[16]Penghu county
mdb:MD_Metadata/mdb:contentInfo/mrc:MD_FeatureCatalogue/mrc:featureCatalogue/gfc:FC_FeatureCatalogue/gfc:featureType/gfc:FC_FeatureType/gfc:carrierOfCharacteristics/gfc:FC_FeatureAttribute/gfc:memberName,GSAP2_poor
mdb:MD_Metadata/mdb:contentInfo/mrc:MD_FeatureCatalogue/mrc:featureCatalogue/gfc:FC_FeatureCatalogue/gfc:featureType/gfc:FC_FeatureType/gfc:carrierOfCharacteristics/gfc:FC_FeatureAttribute/gfc:cardinality/gco:CharacterString,1
mdb:MD_Metadata/mdb:contentInfo/mrc:MD_FeatureCatalogue/mrc:featureCatalogue/gfc:FC_FeatureCatalogue/gfc:featureType/gfc:FC_FeatureType/gfc:carrierOfCharacteristics/gfc:FC_FeatureAttribute/gfc:valueType/gco:TypeName/gco:aName/gco:CharacterString,object
mdb:MD_Metadata/mdb:contentInfo/mrc:MD_FeatureCatalogue/mrc:featureCatalogue/gfc:FC_FeatureCatalogue/gfc:featureType/gfc:FC_FeatureType/gfc:carrierOfCharacteristics/gfc:FC_FeatureAttribute/gfc:listedValue/gfc:FC_ListedValue/gfc:label/gco:CharacterString,16.16
mdb:MD_Metadata/mdb:contentInfo/mrc:MD_FeatureCatalogue/mrc:featureCatalogue/gfc:FC_FeatureCatalogue/gfc:featureType/gfc:FC_FeatureType/gfc:carrierOfCharacteristics/gfc:FC_FeatureAttribute/gfc:listedValue/gfc:FC_ListedValue/gfc:label/gco:CharacterString,18.68
mdb:MD_Metadata/mdb:contentInfo/mrc:MD_FeatureCatalogue/mrc:featureCatalogue/gfc:FC_FeatureCatalogue/gfc:featureType/gfc:FC_FeatureType/gfc:carrierOfCharacteristics/gfc:FC_FeatureAttribute/gfc:listedValue/gfc:FC_ListedValue/gfc:label/gco:CharacterString,13.10
mdb:MD_Metadata/mdb:contentInfo/mrc:MD_FeatureCatalogue/mrc:featureCatalogue/gfc:FC_FeatureCatalogue/gfc:featureType/gfc:FC_FeatureType/gfc:carrierOfCharacteristics/gfc:FC_FeatureAttribute/gfc:listedValue/gfc:FC_ListedValue/gfc:label/gco:CharacterString,2.10
mdb:MD_Metadata/mdb:contentInfo/mrc:MD_FeatureCatalogue/mrc:featureCatalogue/gfc:FC_FeatureCatalogue/gfc:featureType/gfc:FC_FeatureType/gfc:carrierOfCharacteristics/gfc:FC_FeatureAttribute/gfc:listedValue/gfc:FC_ListedValue/gfc:label/gco:CharacterString,0.00
mdb:MD_Metadata/mdb:contentInfo/mrc:MD_FeatureCatalogue/mrc:featureCatalogue/gfc:FC_FeatureCatalogue/gfc:featureType/gfc:FC_FeatureType/gfc:carrierOfCharacteristics/gfc:FC_FeatureAttribute/gfc:listedValue/gfc:FC_ListedValue/gfc:label/gco:CharacterString,0.05
mdb:MD_Metadata/mdb:contentInfo/mrc:MD_FeatureCatalogue/mrc:featureCatalogue/gfc:FC_FeatureCatalogue/gfc:featureType/gfc:FC_FeatureType/gfc:carrierOfCharacteristics/gfc:FC_FeatureAttribute/gfc:listedValue/gfc:FC_ListedValue/gfc:label/gco:CharacterString,0.70
mdb:MD_Metadata/mdb:contentInfo/mrc:MD_FeatureCatalogue/mrc:featureCatalogue/gfc:FC_FeatureCatalogue/gfc:featureType/gfc:FC_FeatureType/gfc:carrierOfCharacteristics/gfc:FC_FeatureAttribute/gfc:listedValue/gfc:FC_ListedValue/gfc:label/gco:CharacterString,0.51
mdb:MD_Metadata/mdb:contentInfo/mrc:MD_FeatureCatalogue/mrc:featureCatalogue/gfc:FC_FeatureCatalogue/gfc:featureType/gfc:FC_FeatureType/gfc:carrierOfCharacteristics/gfc:FC_FeatureAttribute/gfc:listedValue/gfc:FC_ListedValue/gfc:label/gco:CharacterString,0.57
mdb:MD_Metadata/mdb:contentInfo/mrc:MD_FeatureCatalogue/mrc:featureCatalogue/gfc:FC_FeatureCatalogue/gfc:featureType/gfc:FC_FeatureType/gfc:carrierOfCharacteristics/gfc:FC_FeatureAttribute/gfc:listedValue/gfc:FC_ListedValue/gfc:label/gco:CharacterString,0.48
mdb:MD_Metadata/mdb:contentInfo/mrc:MD_FeatureCatalogue/mrc:featureCatalogue/gfc:FC_FeatureCatalogue/gfc:featureType/gfc:FC_FeatureType/gfc:carrierOfCharacteristics/gfc:FC_FeatureAttribute/gfc:memberName,GSAP2_po_1
mdb:MD_Metadata/mdb:contentInfo/mrc:MD_FeatureCatalogue/mrc:featureCatalogue/gfc:FC_FeatureCatalogue/gfc:featureType/gfc:FC_FeatureType/gfc:carrierOfCharacteristics/gfc:FC_FeatureAttribute/gfc:cardinality/gco:CharacterString,1
mdb:MD_Metadata/mdb:contentInfo/mrc:MD_FeatureCatalogue/mrc:featureCatalogue/gfc:FC_FeatureCatalogue/gfc:featureType/gfc:FC_FeatureType/gfc:carrierOfCharacteristics/gfc:FC_FeatureAttribute/gfc:valueType/gco:TypeName/gco:aName/gco:CharacterString,object
mdb:MD_Metadata/mdb:contentInfo/mrc:MD_FeatureCatalogue/mrc:featureCatalogue/gfc:FC_FeatureCatalogue/gfc:featureType/gfc:FC_FeatureType/gfc:carrierOfCharacteristics/gfc:FC_FeatureAttribute/gfc:listedValue/gfc:FC_ListedValue/gfc:label/gco:CharacterString,38.26
mdb:MD_Metadata/mdb:contentInfo/mrc:MD_FeatureCatalogue/mrc:featureCatalogue/gfc:FC_FeatureCatalogue/gfc:featureType/gfc:FC_FeatureType/gfc:carrierOfCharacteristics/gfc:FC_FeatureAttribute/gfc:listedValue/gfc:FC_ListedValue/gfc:label/gco:CharacterString,42.95
mdb:MD_Metadata/mdb:contentInfo/mrc:MD_FeatureCatalogue/mrc:featureCatalogue/gfc:FC_FeatureCatalogue/gfc:featureType/gfc:FC_FeatureType/gfc:carrierOfCharacteristics/gfc:FC_FeatureAttribute/gfc:listedValue/gfc:FC_ListedValue/gfc:label/gco:CharacterString,36.00
mdb:MD_Metadata/mdb:contentInfo/mrc:MD_FeatureCatalogue/mrc:featureCatalogue/gfc:FC_FeatureCatalogue/gfc:featureType/gfc:FC_FeatureType/gfc:carrierOfCharacteristics/gfc:FC_FeatureAttribute/gfc:listedValue/gfc:FC_ListedValue/gfc:label/gco:CharacterString,23.81
mdb:MD_Metadata/mdb:contentInfo/mrc:MD_FeatureCatalogue/mrc:featureCatalogue/gfc:FC_FeatureCatalogue/gfc:featureType/gfc:FC_FeatureType/gfc:carrierOfCharacteristics/gfc:FC_FeatureAttribute/gfc:listedValue/gfc:FC_ListedValue/gfc:label/gco:CharacterString,0.00
mdb:MD_Metadata/mdb:contentInfo/mrc:MD_FeatureCatalogue/mrc:featureCatalogue/gfc:FC_FeatureCatalogue/gfc:featureType/gfc:FC_FeatureType/gfc:carrierOfCharacteristics/gfc:FC_FeatureAttribute/gfc:listedValue/gfc:FC_ListedValue/gfc:label/gco:CharacterString,0.27
mdb:MD_Metadata/mdb:contentInfo/mrc:MD_FeatureCatalogue/mrc:featureCatalogue/gfc:FC_FeatureCatalogue/gfc:featureType/gfc:FC_FeatureType/gfc:carrierOfCharacteristics/gfc:FC_FeatureAttribute/gfc:listedValue/gfc:FC_ListedValue/gfc:label/gco:CharacterString,0.05
mdb:MD_Metadata/mdb:contentInfo/mrc:MD_FeatureCatalogue/mrc:featureCatalogue/gfc:FC_FeatureCatalogue/gfc:featureType/gfc:FC_FeatureType/gfc:carrierOfCharacteristics/gfc:FC_FeatureAttribute/gfc:listedValue/gfc:FC_ListedValue/gfc:label/gco:CharacterString,7.41
mdb:MD_Metadata/mdb:contentInfo/mrc:MD_FeatureCatalogue/mrc:featureCatalogue/gfc:FC_FeatureCatalogue/gfc:featureType/gfc:FC_FeatureType/gfc:carrierOfCharacteristics/gfc:FC_FeatureAttribute/gfc:listedValue/gfc:FC_ListedValue/gfc:label/gco:CharacterString,7.64
mdb:MD_Metadata/mdb:contentInfo/mrc:MD_FeatureCatalogue/mrc:featureCatalogue/gfc:FC_FeatureCatalogue/gfc:featureType/gfc:FC_FeatureType/gfc:carrierOfCharacteristics/gfc:FC_FeatureAttribute/gfc:listedValue/gfc:FC_ListedValue/gfc:label/gco:CharacterString,0.67
mdb:MD_Metadata/mdb:contentInfo/mrc:MD_FeatureCatalogue/mrc:featureCatalogue/gfc:FC_FeatureCatalogue/gfc:featureType/gfc:FC_FeatureType/gfc:carrierOfCharacteristics/gfc:FC_FeatureAttribute/gfc:memberName,GSAP2_po_2
mdb:MD_Metadata/mdb:contentInfo/mrc:MD_FeatureCatalogue/mrc:featureCatalogue/gfc:FC_FeatureCatalogue/gfc:featureType/gfc:FC_FeatureType/gfc:carrierOfCharacteristics/gfc:FC_FeatureAttribute/gfc:cardinality/gco:CharacterString,1
mdb:MD_Metadata/mdb:contentInfo/mrc:MD_FeatureCatalogue/mrc:featureCatalogue/gfc:FC_FeatureCatalogue/gfc:featureType/gfc:FC_FeatureType/gfc:carrierOfCharacteristics/gfc:FC_FeatureAttribute/gfc:valueType/gco:TypeName/gco:aName/gco:CharacterString,object
mdb:MD_Metadata/mdb:contentInfo/mrc:MD_FeatureCatalogue/mrc:featureCatalogue/gfc:FC_FeatureCatalogue/gfc:featureType/gfc:FC_FeatureType/gfc:carrierOfCharacteristics/gfc:FC_FeatureAttribute/gfc:listedValue/gfc:FC_ListedValue/gfc:label/gco:CharacterString,63.83
mdb:MD_Metadata/mdb:contentInfo/mrc:MD_FeatureCatalogue/mrc:featureCatalogue/gfc:FC_FeatureCatalogue/gfc:featureType/gfc:FC_FeatureType/gfc:carrierOfCharacteristics/gfc:FC_FeatureAttribute/gfc:listedValue/gfc:FC_ListedValue/gfc:label/gco:CharacterString,73.12
mdb:MD_Metadata/mdb:contentInfo/mrc:MD_FeatureCatalogue/mrc:featureCatalogue/gfc:FC_FeatureCatalogue/gfc:featureType/gfc:FC_FeatureType/gfc:carrierOfCharacteristics/gfc:FC_FeatureAttribute/gfc:listedValue/gfc:FC_ListedValue/gfc:label/gco:CharacterString,67.07
mdb:MD_Metadata/mdb:contentInfo/mrc:MD_FeatureCatalogue/mrc:featureCatalogue/gfc:FC_FeatureCatalogue/gfc:featureType/gfc:FC_FeatureType/gfc:carrierOfCharacteristics/gfc:FC_FeatureAttribute/gfc:listedValue/gfc:FC_ListedValue/gfc:label/gco:CharacterString,58.57
mdb:MD_Metadata/mdb:contentInfo/mrc:MD_FeatureCatalogue/mrc:featureCatalogue/gfc:FC_FeatureCatalogue/gfc:featureType/gfc:FC_FeatureType/gfc:carrierOfCharacteristics/gfc:FC_FeatureAttribute/gfc:listedValue/gfc:FC_ListedValue/gfc:label/gco:CharacterString,0.00
mdb:MD_Metadata/mdb:contentInfo/mrc:MD_FeatureCatalogue/mrc:featureCatalogue/gfc:FC_FeatureCatalogue/gfc:featureType/gfc:FC_FeatureType/gfc:carrierOfCharacteristics/gfc:FC_FeatureAttribute/gfc:listedValue/gfc:FC_ListedValue/gfc:label/gco:CharacterString,0.27
mdb:MD_Metadata/mdb:contentInfo/mrc:MD_FeatureCatalogue/mrc:featureCatalogue/gfc:FC_FeatureCatalogue/gfc:featureType/gfc:FC_FeatureType/gfc:carrierOfCharacteristics/gfc:FC_FeatureAttribute/gfc:listedValue/gfc:FC_ListedValue/gfc:label/gco:CharacterString,0.20
mdb:MD_Metadata/mdb:contentInfo/mrc:MD_FeatureCatalogue/mrc:featureCatalogue/gfc:FC_FeatureCatalogue/gfc:featureType/gfc:FC_FeatureType/gfc:carrierOfCharacteristics/gfc:FC_FeatureAttribute/gfc:listedValue/gfc:FC_ListedValue/gfc:label/gco:CharacterString,0.12
mdb:MD_Metadata/mdb:contentInfo/mrc:MD_FeatureCatalogue/mrc:featureCatalogue/gfc:FC_FeatureCatalogue/gfc:featureType/gfc:FC_FeatureType/gfc:carrierOfCharacteristics/gfc:FC_FeatureAttribute/gfc:listedValue/gfc:FC_ListedValue/gfc:label/gco:CharacterString,0.11
mdb:MD_Metadata/mdb:contentInfo/mrc:MD_FeatureCatalogue/mrc:featureCatalogue/gfc:FC_FeatureCatalogue/gfc:featureType/gfc:FC_FeatureType/gfc:carrierOfCharacteristics/gfc:FC_FeatureAttribute/gfc:listedValue/gfc:FC_ListedValue/gfc:label/gco:CharacterString,0.05
mdb:MD_Metadata/mdb:contentInfo/mrc:MD_FeatureCatalogue/mrc:featureCatalogue/gfc:FC_FeatureCatalogue/gfc:featureType/gfc:FC_FeatureType/gfc:carrierOfCharacteristics/gfc:FC_FeatureAttribute/gfc:memberName,GSAP2_npoo
mdb:MD_Metadata/mdb:contentInfo/mrc:MD_FeatureCatalogue/mrc:featureCatalogue/gfc:FC_FeatureCatalogue/gfc:featureType/gfc:FC_FeatureType/gfc:carrierOfCharacteristics/gfc:FC_FeatureAttribute/gfc:cardinality/gco:CharacterString,1
mdb:MD_Metadata/mdb:contentInfo/mrc:MD_FeatureCatalogue/mrc:featureCatalogue/gfc:FC_FeatureCatalogue/gfc:featureType/gfc:FC_FeatureType/gfc:carrierOfCharacteristics/gfc:FC_FeatureAttribute/gfc:valueType/gco:TypeName/gco:aName/gco:CharacterString,object
mdb:MD_Metadata/mdb:contentInfo/mrc:MD_FeatureCatalogue/mrc:featureCatalogue/gfc:FC_FeatureCatalogue/gfc:featureType/gfc:FC_FeatureType/gfc:carrierOfCharacteristics/gfc:FC_FeatureAttribute/gfc:listedValue/gfc:FC_ListedValue/gfc:label/gco:CharacterString,2130
mdb:MD_Metadata/mdb:contentInfo/mrc:MD_FeatureCatalogue/mrc:featureCatalogue/gfc:FC_FeatureCatalogue/gfc:featureType/gfc:FC_FeatureType/gfc:carrierOfCharacteristics/gfc:FC_FeatureAttribute/gfc:listedValue/gfc:FC_ListedValue/gfc:label/gco:CharacterString,9950
mdb:MD_Metadata/mdb:contentInfo/mrc:MD_FeatureCatalogue/mrc:featureCatalogue/gfc:FC_FeatureCatalogue/gfc:featureType/gfc:FC_FeatureType/gfc:carrierOfCharacteristics/gfc:FC_FeatureAttribute/gfc:listedValue/gfc:FC_ListedValue/gfc:label/gco:CharacterString,5223
mdb:MD_Metadata/mdb:contentInfo/mrc:MD_FeatureCatalogue/mrc:featureCatalogue/gfc:FC_FeatureCatalogue/gfc:featureType/gfc:FC_FeatureType/gfc:carrierOfCharacteristics/gfc:FC_FeatureAttribute/gfc:listedValue/gfc:FC_ListedValue/gfc:label/gco:CharacterString,132
mdb:MD_Metadata/mdb:contentInfo/mrc:MD_FeatureCatalogue/mrc:featureCatalogue/gfc:FC_FeatureCatalogue/gfc:featureType/gfc:FC_FeatureType/gfc:carrierOfCharacteristics/gfc:FC_FeatureAttribute/gfc:listedValue/gfc:FC_ListedValue/gfc:label/gco:CharacterString,0
mdb:MD_Metadata/mdb:contentInfo/mrc:MD_FeatureCatalogue/mrc:featureCatalogue/gfc:FC_FeatureCatalogue/gfc:featureType/gfc:FC_FeatureType/gfc:carrierOfCharacteristics/gfc:FC_FeatureAttribute/gfc:listedValue/gfc:FC_ListedValue/gfc:label/gco:CharacterString,1445
mdb:MD_Metadata/mdb:contentInfo/mrc:MD_FeatureCatalogue/mrc:featureCatalogue/gfc:FC_FeatureCatalogue/gfc:featureType/gfc:FC_FeatureType/gfc:carrierOfCharacteristics/gfc:FC_FeatureAttribute/gfc:listedValue/gfc:FC_ListedValue/gfc:label/gco:CharacterString,327
mdb:MD_Metadata/mdb:contentInfo/mrc:MD_FeatureCatalogue/mrc:featureCatalogue/gfc:FC_FeatureCatalogue/gfc:featureType/gfc:FC_FeatureType/gfc:carrierOfCharacteristics/gfc:FC_FeatureAttribute/gfc:listedValue/gfc:FC_ListedValue/gfc:label/gco:CharacterString,759
mdb:MD_Metadata/mdb:contentInfo/mrc:MD_FeatureCatalogue/mrc:featureCatalogue/gfc:FC_FeatureCatalogue/gfc:featureType/gfc:FC_FeatureType/gfc:carrierOfCharacteristics/gfc:FC_FeatureAttribute/gfc:listedValue/gfc:FC_ListedValue/gfc:label/gco:CharacterString,40839
mdb:MD_Metadata/mdb:contentInfo/mrc:MD_FeatureCatalogue/mrc:featureCatalogue/gfc:FC_FeatureCatalogue/gfc:featureType/gfc:FC_FeatureType/gfc:carrierOfCharacteristics/gfc:FC_FeatureAttribute/gfc:listedValue/gfc:FC_ListedValue/gfc:label/gco:CharacterString,28604
mdb:MD_Metadata/mdb:contentInfo/mrc:MD_FeatureCatalogue/mrc:featureCatalogue/gfc:FC_FeatureCatalogue/gfc:featureType/gfc:FC_FeatureType/gfc:carrierOfCharacteristics/gfc:FC_FeatureAttribute/gfc:memberName,GSAP2_np_1
mdb:MD_Metadata/mdb:contentInfo/mrc:MD_FeatureCatalogue/mrc:featureCatalogue/gfc:FC_FeatureCatalogue/gfc:featureType/gfc:FC_FeatureType/gfc:carrierOfCharacteristics/gfc:FC_FeatureAttribute/gfc:cardinality/gco:CharacterString,1
mdb:MD_Metadata/mdb:contentInfo/mrc:MD_FeatureCatalogue/mrc:featureCatalogue/gfc:FC_FeatureCatalogue/gfc:featureType/gfc:FC_FeatureType/gfc:carrierOfCharacteristics/gfc:FC_FeatureAttribute/gfc:valueType/gco:TypeName/gco:aName/gco:CharacterString,object
mdb:MD_Metadata/mdb:contentInfo/mrc:MD_FeatureCatalogue/mrc:featureCatalogue/gfc:FC_FeatureCatalogue/gfc:featureType/gfc:FC_FeatureType/gfc:carrierOfCharacteristics/gfc:FC_FeatureAttribute/gfc:listedValue/gfc:FC_ListedValue/gfc:label/gco:CharacterString,5046
mdb:MD_Metadata/mdb:contentInfo/mrc:MD_FeatureCatalogue/mrc:featureCatalogue/gfc:FC_FeatureCatalogue/gfc:featureType/gfc:FC_FeatureType/gfc:carrierOfCharacteristics/gfc:FC_FeatureAttribute/gfc:listedValue/gfc:FC_ListedValue/gfc:label/gco:CharacterString,22877
mdb:MD_Metadata/mdb:contentInfo/mrc:MD_FeatureCatalogue/mrc:featureCatalogue/gfc:FC_FeatureCatalogue/gfc:featureType/gfc:FC_FeatureType/gfc:carrierOfCharacteristics/gfc:FC_FeatureAttribute/gfc:listedValue/gfc:FC_ListedValue/gfc:label/gco:CharacterString,14353
mdb:MD_Metadata/mdb:contentInfo/mrc:MD_FeatureCatalogue/mrc:featureCatalogue/gfc:FC_FeatureCatalogue/gfc:featureType/gfc:FC_FeatureType/gfc:carrierOfCharacteristics/gfc:FC_FeatureAttribute/gfc:listedValue/gfc:FC_ListedValue/gfc:label/gco:CharacterString,1504
mdb:MD_Metadata/mdb:contentInfo/mrc:MD_FeatureCatalogue/mrc:featureCatalogue/gfc:FC_FeatureCatalogue/gfc:featureType/gfc:FC_FeatureType/gfc:carrierOfCharacteristics/gfc:FC_FeatureAttribute/gfc:listedValue/gfc:FC_ListedValue/gfc:label/gco:CharacterString,0
mdb:MD_Metadata/mdb:contentInfo/mrc:MD_FeatureCatalogue/mrc:featureCatalogue/gfc:FC_FeatureCatalogue/gfc:featureType/gfc:FC_FeatureType/gfc:carrierOfCharacteristics/gfc:FC_FeatureAttribute/gfc:listedValue/gfc:FC_ListedValue/gfc:label/gco:CharacterString,721
mdb:MD_Metadata/mdb:contentInfo/mrc:MD_FeatureCatalogue/mrc:featureCatalogue/gfc:FC_FeatureCatalogue/gfc:featureType/gfc:FC_FeatureType/gfc:carrierOfCharacteristics/gfc:FC_FeatureAttribute/gfc:listedValue/gfc:FC_ListedValue/gfc:label/gco:CharacterString,1445
mdb:MD_Metadata/mdb:contentInfo/mrc:MD_FeatureCatalogue/mrc:featureCatalogue/gfc:FC_FeatureCatalogue/gfc:featureType/gfc:FC_FeatureType/gfc:carrierOfCharacteristics/gfc:FC_FeatureAttribute/gfc:listedValue/gfc:FC_ListedValue/gfc:label/gco:CharacterString,3448
mdb:MD_Metadata/mdb:contentInfo/mrc:MD_FeatureCatalogue/mrc:featureCatalogue/gfc:FC_FeatureCatalogue/gfc:featureType/gfc:FC_FeatureType/gfc:carrierOfCharacteristics/gfc:FC_FeatureAttribute/gfc:listedValue/gfc:FC_ListedValue/gfc:label/gco:CharacterString,11427
mdb:MD_Metadata/mdb:contentInfo/mrc:MD_FeatureCatalogue/mrc:featureCatalogue/gfc:FC_FeatureCatalogue/gfc:featureType/gfc:FC_FeatureType/gfc:carrierOfCharacteristics/gfc:FC_FeatureAttribute/gfc:listedValue/gfc:FC_ListedValue/gfc:label/gco:CharacterString,48468
mdb:MD_Metadata/mdb:contentInfo/mrc:MD_FeatureCatalogue/mrc:featureCatalogue/gfc:FC_FeatureCatalogue/gfc:featureType/gfc:FC_FeatureType/gfc:carrierOfCharacteristics/gfc:FC_FeatureAttribute/gfc:memberName,GSAP2_np_2
mdb:MD_Metadata/mdb:contentInfo/mrc:MD_FeatureCatalogue/mrc:featureCatalogue/gfc:FC_FeatureCatalogue/gfc:featureType/gfc:FC_FeatureType/gfc:carrierOfCharacteristics/gfc:FC_FeatureAttribute/gfc:cardinality/gco:CharacterString,1
mdb:MD_Metadata/mdb:contentInfo/mrc:MD_FeatureCatalogue/mrc:featureCatalogue/gfc:FC_FeatureCatalogue/gfc:featureType/gfc:FC_FeatureType/gfc:carrierOfCharacteristics/gfc:FC_FeatureAttribute/gfc:valueType/gco:TypeName/gco:aName/gco:CharacterString,object
mdb:MD_Metadata/mdb:contentInfo/mrc:MD_FeatureCatalogue/mrc:featureCatalogue/gfc:FC_FeatureCatalogue/gfc:featureType/gfc:FC_FeatureType/gfc:carrierOfCharacteristics/gfc:FC_FeatureAttribute/gfc:listedValue/gfc:FC_ListedValue/gfc:label/gco:CharacterString,8417
mdb:MD_Metadata/mdb:contentInfo/mrc:MD_FeatureCatalogue/mrc:featureCatalogue/gfc:FC_FeatureCatalogue/gfc:featureType/gfc:FC_FeatureType/gfc:carrierOfCharacteristics/gfc:FC_FeatureAttribute/gfc:listedValue/gfc:FC_ListedValue/gfc:label/gco:CharacterString,38949
mdb:MD_Metadata/mdb:contentInfo/mrc:MD_FeatureCatalogue/mrc:featureCatalogue/gfc:FC_FeatureCatalogue/gfc:featureType/gfc:FC_FeatureType/gfc:carrierOfCharacteristics/gfc:FC_FeatureAttribute/gfc:listedValue/gfc:FC_ListedValue/gfc:label/gco:CharacterString,26741
mdb:MD_Metadata/mdb:contentInfo/mrc:MD_FeatureCatalogue/mrc:featureCatalogue/gfc:FC_FeatureCatalogue/gfc:featureType/gfc:FC_FeatureType/gfc:carrierOfCharacteristics/gfc:FC_FeatureAttribute/gfc:listedValue/gfc:FC_ListedValue/gfc:label/gco:CharacterString,3701
mdb:MD_Metadata/mdb:contentInfo/mrc:MD_FeatureCatalogue/mrc:featureCatalogue/gfc:FC_FeatureCatalogue/gfc:featureType/gfc:FC_FeatureType/gfc:carrierOfCharacteristics/gfc:FC_FeatureAttribute/gfc:listedValue/gfc:FC_ListedValue/gfc:label/gco:CharacterString,0
mdb:MD_Metadata/mdb:contentInfo/mrc:MD_FeatureCatalogue/mrc:featureCatalogue/gfc:FC_FeatureCatalogue/gfc:featureType/gfc:FC_FeatureType/gfc:carrierOfCharacteristics/gfc:FC_FeatureAttribute/gfc:listedValue/gfc:FC_ListedValue/gfc:label/gco:CharacterString,721
mdb:MD_Metadata/mdb:contentInfo/mrc:MD_FeatureCatalogue/mrc:featureCatalogue/gfc:FC_FeatureCatalogue/gfc:featureType/gfc:FC_FeatureType/gfc:carrierOfCharacteristics/gfc:FC_FeatureAttribute/gfc:listedValue/gfc:FC_ListedValue/gfc:label/gco:CharacterString,181
mdb:MD_Metadata/mdb:contentInfo/mrc:MD_FeatureCatalogue/mrc:featureCatalogue/gfc:FC_FeatureCatalogue/gfc:featureType/gfc:FC_FeatureType/gfc:carrierOfCharacteristics/gfc:FC_FeatureAttribute/gfc:listedValue/gfc:FC_ListedValue/gfc:label/gco:CharacterString,2267
mdb:MD_Metadata/mdb:contentInfo/mrc:MD_FeatureCatalogue/mrc:featureCatalogue/gfc:FC_FeatureCatalogue/gfc:featureType/gfc:FC_FeatureType/gfc:carrierOfCharacteristics/gfc:FC_FeatureAttribute/gfc:listedValue/gfc:FC_ListedValue/gfc:label/gco:CharacterString,3408
mdb:MD_Metadata/mdb:contentInfo/mrc:MD_FeatureCatalogue/mrc:featureCatalogue/gfc:FC_FeatureCatalogue/gfc:featureType/gfc:FC_FeatureType/gfc:carrierOfCharacteristics/gfc:FC_FeatureAttribute/gfc:listedValue/gfc:FC_ListedValue/gfc:label/gco:CharacterString,1888
mdb:MD_Metadata/mdb:contentInfo/mrc:MD_FeatureCatalogue/mrc:featureCatalogue/gfc:FC_FeatureCatalogue/gfc:featureType/gfc:FC_FeatureType/gfc:carrierOfCharacteristics/gfc:FC_FeatureAttribute/gfc:memberName,GSAP2_po_3
mdb:MD_Metadata/mdb:contentInfo/mrc:MD_FeatureCatalogue/mrc:featureCatalogue/gfc:FC_FeatureCatalogue/gfc:featureType/gfc:FC_FeatureType/gfc:carrierOfCharacteristics/gfc:FC_FeatureAttribute/gfc:cardinality/gco:CharacterString,1
mdb:MD_Metadata/mdb:contentInfo/mrc:MD_FeatureCatalogue/mrc:featureCatalogue/gfc:FC_FeatureCatalogue/gfc:featureType/gfc:FC_FeatureType/gfc:carrierOfCharacteristics/gfc:FC_FeatureAttribute/gfc:valueType/gco:TypeName/gco:aName/gco:CharacterString,object
mdb:MD_Metadata/mdb:contentInfo/mrc:MD_FeatureCatalogue/mrc:featureCatalogue/gfc:FC_FeatureCatalogue/gfc:featureType/gfc:FC_FeatureType/gfc:carrierOfCharacteristics/gfc:FC_FeatureAttribute/gfc:listedValue/gfc:FC_ListedValue/gfc:label/gco:CharacterString,0.3847581
mdb:MD_Metadata/mdb:contentInfo/mrc:MD_FeatureCatalogue/mrc:featureCatalogue/gfc:FC_FeatureCatalogue/gfc:featureType/gfc:FC_FeatureType/gfc:carrierOfCharacteristics/gfc:FC_FeatureAttribute/gfc:listedValue/gfc:FC_ListedValue/gfc:label/gco:CharacterString,0.4399542
mdb:MD_Metadata/mdb:contentInfo/mrc:MD_FeatureCatalogue/mrc:featureCatalogue/gfc:FC_FeatureCatalogue/gfc:featureType/gfc:FC_FeatureType/gfc:carrierOfCharacteristics/gfc:FC_FeatureAttribute/gfc:listedValue/gfc:FC_ListedValue/gfc:label/gco:CharacterString,0.3739918
mdb:MD_Metadata/mdb:contentInfo/mrc:MD_FeatureCatalogue/mrc:featureCatalogue/gfc:FC_FeatureCatalogue/gfc:featureType/gfc:FC_FeatureType/gfc:carrierOfCharacteristics/gfc:FC_FeatureAttribute/gfc:listedValue/gfc:FC_ListedValue/gfc:label/gco:CharacterString,0.2571429
mdb:MD_Metadata/mdb:contentInfo/mrc:MD_FeatureCatalogue/mrc:featureCatalogue/gfc:FC_FeatureCatalogue/gfc:featureType/gfc:FC_FeatureType/gfc:carrierOfCharacteristics/gfc:FC_FeatureAttribute/gfc:listedValue/gfc:FC_ListedValue/gfc:label/gco:CharacterString,nan
mdb:MD_Metadata/mdb:contentInfo/mrc:MD_FeatureCatalogue/mrc:featureCatalogue/gfc:FC_FeatureCatalogue/gfc:featureType/gfc:FC_FeatureType/gfc:carrierOfCharacteristics/gfc:FC_FeatureAttribute/gfc:listedValue/gfc:FC_ListedValue/gfc:label/gco:CharacterString,0.4077329
mdb:MD_Metadata/mdb:contentInfo/mrc:MD_FeatureCatalogue/mrc:featureCatalogue/gfc:FC_FeatureCatalogue/gfc:featureType/gfc:FC_FeatureType/gfc:carrierOfCharacteristics/gfc:FC_FeatureAttribute/gfc:listedValue/gfc:FC_ListedValue/gfc:label/gco:CharacterString,0.3975598
mdb:MD_Metadata/mdb:contentInfo/mrc:MD_FeatureCatalogue/mrc:featureCatalogue/gfc:FC_FeatureCatalogue/gfc:featureType/gfc:FC_FeatureType/gfc:carrierOfCharacteristics/gfc:FC_FeatureAttribute/gfc:listedValue/gfc:FC_ListedValue/gfc:label/gco:CharacterString,0.400749
mdb:MD_Metadata/mdb:contentInfo/mrc:MD_FeatureCatalogue/mrc:featureCatalogue/gfc:FC_FeatureCatalogue/gfc:featureType/gfc:FC_FeatureType/gfc:carrierOfCharacteristics/gfc:FC_FeatureAttribute/gfc:listedValue/gfc:FC_ListedValue/gfc:label/gco:CharacterString,0.3852535
mdb:MD_Metadata/mdb:contentInfo/mrc:MD_FeatureCatalogue/mrc:featureCatalogue/gfc:FC_FeatureCatalogue/gfc:featureType/gfc:FC_FeatureType/gfc:carrierOfCharacteristics/gfc:FC_FeatureAttribute/gfc:listedValue/gfc:FC_ListedValue/gfc:label/gco:CharacterString,0.281744
mdb:MD_Metadata/mdb:contentInfo/mrc:MD_FeatureCatalogue/mrc:featureCatalogue/gfc:FC_FeatureCatalogue/gfc:featureType/gfc:FC_FeatureType/gfc:carrierOfCharacteristics/gfc:FC_FeatureAttribute/gfc:memberName,GSAP2_medi
mdb:MD_Metadata/mdb:contentInfo/mrc:MD_FeatureCatalogue/mrc:featureCatalogue/gfc:FC_FeatureCatalogue/gfc:featureType/gfc:FC_FeatureType/gfc:carrierOfCharacteristics/gfc:FC_FeatureAttribute/gfc:cardinality/gco:CharacterString,1
mdb:MD_Metadata/mdb:contentInfo/mrc:MD_FeatureCatalogue/mrc:featureCatalogue/gfc:FC_FeatureCatalogue/gfc:featureType/gfc:FC_FeatureType/gfc:carrierOfCharacteristics/gfc:FC_FeatureAttribute/gfc:valueType/gco:TypeName/gco:aName/gco:CharacterString,object
mdb:MD_Metadata/mdb:contentInfo/mrc:MD_FeatureCatalogue/mrc:featureCatalogue/gfc:FC_FeatureCatalogue/gfc:featureType/gfc:FC_FeatureType/gfc:carrierOfCharacteristics/gfc:FC_FeatureAttribute/gfc:listedValue/gfc:FC_ListedValue/gfc:label/gco:CharacterString,4.113258
mdb:MD_Metadata/mdb:contentInfo/mrc:MD_FeatureCatalogue/mrc:featureCatalogue/gfc:FC_FeatureCatalogue/gfc:featureType/gfc:FC_FeatureType/gfc:carrierOfCharacteristics/gfc:FC_FeatureAttribute/gfc:listedValue/gfc:FC_ListedValue/gfc:label/gco:CharacterString,3.603581
mdb:MD_Metadata/mdb:contentInfo/mrc:MD_FeatureCatalogue/mrc:featureCatalogue/gfc:FC_FeatureCatalogue/gfc:featureType/gfc:FC_FeatureType/gfc:carrierOfCharacteristics/gfc:FC_FeatureAttribute/gfc:listedValue/gfc:FC_ListedValue/gfc:label/gco:CharacterString,4.01455
mdb:MD_Metadata/mdb:contentInfo/mrc:MD_FeatureCatalogue/mrc:featureCatalogue/gfc:FC_FeatureCatalogue/gfc:featureType/gfc:FC_FeatureType/gfc:carrierOfCharacteristics/gfc:FC_FeatureAttribute/gfc:listedValue/gfc:FC_ListedValue/gfc:label/gco:CharacterString,4.917893
mdb:MD_Metadata/mdb:contentInfo/mrc:MD_FeatureCatalogue/mrc:featureCatalogue/gfc:FC_FeatureCatalogue/gfc:featureType/gfc:FC_FeatureType/gfc:carrierOfCharacteristics/gfc:FC_FeatureAttribute/gfc:listedValue/gfc:FC_ListedValue/gfc:label/gco:CharacterString,nan
mdb:MD_Metadata/mdb:contentInfo/mrc:MD_FeatureCatalogue/mrc:featureCatalogue/gfc:FC_FeatureCatalogue/gfc:featureType/gfc:FC_FeatureType/gfc:carrierOfCharacteristics/gfc:FC_FeatureAttribute/gfc:listedValue/gfc:FC_ListedValue/gfc:label/gco:CharacterString,6.972652
mdb:MD_Metadata/mdb:contentInfo/mrc:MD_FeatureCatalogue/mrc:featureCatalogue/gfc:FC_FeatureCatalogue/gfc:featureType/gfc:FC_FeatureType/gfc:carrierOfCharacteristics/gfc:FC_FeatureAttribute/gfc:listedValue/gfc:FC_ListedValue/gfc:label/gco:CharacterString,6.838753
mdb:MD_Metadata/mdb:contentInfo/mrc:MD_FeatureCatalogue/mrc:featureCatalogue/gfc:FC_FeatureCatalogue/gfc:featureType/gfc:FC_FeatureType/gfc:carrierOfCharacteristics/gfc:FC_FeatureAttribute/gfc:listedValue/gfc:FC_ListedValue/gfc:label/gco:CharacterString,5.0472789
mdb:MD_Metadata/mdb:contentInfo/mrc:MD_FeatureCatalogue/mrc:featureCatalogue/gfc:FC_FeatureCatalogue/gfc:featureType/gfc:FC_FeatureType/gfc:carrierOfCharacteristics/gfc:FC_FeatureAttribute/gfc:listedValue/gfc:FC_ListedValue/gfc:label/gco:CharacterString,5.0670996
mdb:MD_Metadata/mdb:contentInfo/mrc:MD_FeatureCatalogue/mrc:featureCatalogue/gfc:FC_FeatureCatalogue/gfc:featureType/gfc:FC_FeatureType/gfc:carrierOfCharacteristics/gfc:FC_FeatureAttribute/gfc:listedValue/gfc:FC_ListedValue/gfc:label/gco:CharacterString,5.8252313
mdb:MD_Metadata/mdb:contentInfo/mrc:MD_FeatureCatalogue/mrc:featureCatalogue/gfc:FC_FeatureCatalogue/gfc:featureType/gfc:FC_FeatureType/gfc:carrierOfCharacteristics/gfc:FC_FeatureAttribute/gfc:memberName,GSAP2_mean
mdb:MD_Metadata/mdb:contentInfo/mrc:MD_FeatureCatalogue/mrc:featureCatalogue/gfc:FC_FeatureCatalogue/gfc:featureType/gfc:FC_FeatureType/gfc:carrierOfCharacteristics/gfc:FC_FeatureAttribute/gfc:cardinality/gco:CharacterString,1
mdb:MD_Metadata/mdb:contentInfo/mrc:MD_FeatureCatalogue/mrc:featureCatalogue/gfc:FC_FeatureCatalogue/gfc:featureType/gfc:FC_FeatureType/gfc:carrierOfCharacteristics/gfc:FC_FeatureAttribute/gfc:valueType/gco:TypeName/gco:aName/gco:CharacterString,object
mdb:MD_Metadata/mdb:contentInfo/mrc:MD_FeatureCatalogue/mrc:featureCatalogue/gfc:FC_FeatureCatalogue/gfc:featureType/gfc:FC_FeatureType/gfc:carrierOfCharacteristics/gfc:FC_FeatureAttribute/gfc:listedValue/gfc:FC_ListedValue/gfc:label/gco:CharacterString,5.450735
mdb:MD_Metadata/mdb:contentInfo/mrc:MD_FeatureCatalogue/mrc:featureCatalogue/gfc:FC_FeatureCatalogue/gfc:featureType/gfc:FC_FeatureType/gfc:carrierOfCharacteristics/gfc:FC_FeatureAttribute/gfc:listedValue/gfc:FC_ListedValue/gfc:label/gco:CharacterString,4.649663
mdb:MD_Metadata/mdb:contentInfo/mrc:MD_FeatureCatalogue/mrc:featureCatalogue/gfc:FC_FeatureCatalogue/gfc:featureType/gfc:FC_FeatureType/gfc:carrierOfCharacteristics/gfc:FC_FeatureAttribute/gfc:listedValue/gfc:FC_ListedValue/gfc:label/gco:CharacterString,5.281188
mdb:MD_Metadata/mdb:contentInfo/mrc:MD_FeatureCatalogue/mrc:featureCatalogue/gfc:FC_FeatureCatalogue/gfc:featureType/gfc:FC_FeatureType/gfc:carrierOfCharacteristics/gfc:FC_FeatureAttribute/gfc:listedValue/gfc:FC_ListedValue/gfc:label/gco:CharacterString,6.70903
mdb:MD_Metadata/mdb:contentInfo/mrc:MD_FeatureCatalogue/mrc:featureCatalogue/gfc:FC_FeatureCatalogue/gfc:featureType/gfc:FC_FeatureType/gfc:carrierOfCharacteristics/gfc:FC_FeatureAttribute/gfc:listedValue/gfc:FC_ListedValue/gfc:label/gco:CharacterString,63.152370
mdb:MD_Metadata/mdb:contentInfo/mrc:MD_FeatureCatalogue/mrc:featureCatalogue/gfc:FC_FeatureCatalogue/gfc:featureType/gfc:FC_FeatureType/gfc:carrierOfCharacteristics/gfc:FC_FeatureAttribute/gfc:listedValue/gfc:FC_ListedValue/gfc:label/gco:CharacterString,37.711715
mdb:MD_Metadata/mdb:contentInfo/mrc:MD_FeatureCatalogue/mrc:featureCatalogue/gfc:FC_FeatureCatalogue/gfc:featureType/gfc:FC_FeatureType/gfc:carrierOfCharacteristics/gfc:FC_FeatureAttribute/gfc:listedValue/gfc:FC_ListedValue/gfc:label/gco:CharacterString,39.440287
mdb:MD_Metadata/mdb:contentInfo/mrc:MD_FeatureCatalogue/mrc:featureCatalogue/gfc:FC_FeatureCatalogue/gfc:featureType/gfc:FC_FeatureType/gfc:carrierOfCharacteristics/gfc:FC_FeatureAttribute/gfc:listedValue/gfc:FC_ListedValue/gfc:label/gco:CharacterString,43.623330
mdb:MD_Metadata/mdb:contentInfo/mrc:MD_FeatureCatalogue/mrc:featureCatalogue/gfc:FC_FeatureCatalogue/gfc:featureType/gfc:FC_FeatureType/gfc:carrierOfCharacteristics/gfc:FC_FeatureAttribute/gfc:listedValue/gfc:FC_ListedValue/gfc:label/gco:CharacterString,45.652033
mdb:MD_Metadata/mdb:contentInfo/mrc:MD_FeatureCatalogue/mrc:featureCatalogue/gfc:FC_FeatureCatalogue/gfc:featureType/gfc:FC_FeatureType/gfc:carrierOfCharacteristics/gfc:FC_FeatureAttribute/gfc:listedValue/gfc:FC_ListedValue/gfc:label/gco:CharacterString,47.823724
mdb:MD_Metadata/mdb:contentInfo/mrc:MD_FeatureCatalogue/mrc:featureCatalogue/gfc:FC_FeatureCatalogue/gfc:featureType/gfc:FC_FeatureType/gfc:carrierOfCharacteristics/gfc:FC_FeatureAttribute/gfc:memberName,GSAP2_gini
mdb:MD_Metadata/mdb:contentInfo/mrc:MD_FeatureCatalogue/mrc:featureCatalogue/gfc:FC_FeatureCatalogue/gfc:featureType/gfc:FC_FeatureType/gfc:carrierOfCharacteristics/gfc:FC_FeatureAttribute/gfc:cardinality/gco:CharacterString,1
mdb:MD_Metadata/mdb:contentInfo/mrc:MD_FeatureCatalogue/mrc:featureCatalogue/gfc:FC_FeatureCatalogue/gfc:featureType/gfc:FC_FeatureType/gfc:carrierOfCharacteristics/gfc:FC_FeatureAttribute/gfc:valueType/gco:TypeName/gco:aName/gco:CharacterString,object
mdb:MD_Metadata/mdb:contentInfo/mrc:MD_FeatureCatalogue/mrc:featureCatalogue/gfc:FC_FeatureCatalogue/gfc:featureType/gfc:FC_FeatureType/gfc:carrierOfCharacteristics/gfc:FC_FeatureAttribute/gfc:listedValue/gfc:FC_ListedValue/gfc:label/gco:CharacterString,0.40287871
mdb:MD_Metadata/mdb:contentInfo/mrc:MD_FeatureCatalogue/mrc:featureCatalogue/gfc:FC_FeatureCatalogue/gfc:featureType/gfc:FC_FeatureType/gfc:carrierOfCharacteristics/gfc:FC_FeatureAttribute/gfc:listedValue/gfc:FC_ListedValue/gfc:label/gco:CharacterString,0.40623805
mdb:MD_Metadata/mdb:contentInfo/mrc:MD_FeatureCatalogue/mrc:featureCatalogue/gfc:FC_FeatureCatalogue/gfc:featureType/gfc:FC_FeatureType/gfc:carrierOfCharacteristics/gfc:FC_FeatureAttribute/gfc:listedValue/gfc:FC_ListedValue/gfc:label/gco:CharacterString,0.38684373
mdb:MD_Metadata/mdb:contentInfo/mrc:MD_FeatureCatalogue/mrc:featureCatalogue/gfc:FC_FeatureCatalogue/gfc:featureType/gfc:FC_FeatureType/gfc:carrierOfCharacteristics/gfc:FC_FeatureAttribute/gfc:listedValue/gfc:FC_ListedValue/gfc:label/gco:CharacterString,0.38587457
mdb:MD_Metadata/mdb:contentInfo/mrc:MD_FeatureCatalogue/mrc:featureCatalogue/gfc:FC_FeatureCatalogue/gfc:featureType/gfc:FC_FeatureType/gfc:carrierOfCharacteristics/gfc:FC_FeatureAttribute/gfc:listedValue/gfc:FC_ListedValue/gfc:label/gco:CharacterString,nan
mdb:MD_Metadata/mdb:contentInfo/mrc:MD_FeatureCatalogue/mrc:featureCatalogue/gfc:FC_FeatureCatalogue/gfc:featureType/gfc:FC_FeatureType/gfc:carrierOfCharacteristics/gfc:FC_FeatureAttribute/gfc:listedValue/gfc:FC_ListedValue/gfc:label/gco:CharacterString,0.42217996
mdb:MD_Metadata/mdb:contentInfo/mrc:MD_FeatureCatalogue/mrc:featureCatalogue/gfc:FC_FeatureCatalogue/gfc:featureType/gfc:FC_FeatureType/gfc:carrierOfCharacteristics/gfc:FC_FeatureAttribute/gfc:listedValue/gfc:FC_ListedValue/gfc:label/gco:CharacterString,0.41977656
mdb:MD_Metadata/mdb:contentInfo/mrc:MD_FeatureCatalogue/mrc:featureCatalogue/gfc:FC_FeatureCatalogue/gfc:featureType/gfc:FC_FeatureType/gfc:carrierOfCharacteristics/gfc:FC_FeatureAttribute/gfc:listedValue/gfc:FC_ListedValue/gfc:label/gco:CharacterString,0.3124283
mdb:MD_Metadata/mdb:contentInfo/mrc:MD_FeatureCatalogue/mrc:featureCatalogue/gfc:FC_FeatureCatalogue/gfc:featureType/gfc:FC_FeatureType/gfc:carrierOfCharacteristics/gfc:FC_FeatureAttribute/gfc:listedValue/gfc:FC_ListedValue/gfc:label/gco:CharacterString,0.30897455
mdb:MD_Metadata/mdb:contentInfo/mrc:MD_FeatureCatalogue/mrc:featureCatalogue/gfc:FC_FeatureCatalogue/gfc:featureType/gfc:FC_FeatureType/gfc:carrierOfCharacteristics/gfc:FC_FeatureAttribute/gfc:listedValue/gfc:FC_ListedValue/gfc:label/gco:CharacterString,0.31074351
mdb:MD_Metadata/mdb:contentInfo/mrc:MD_FeatureCatalogue/mrc:featureCatalogue/gfc:FC_FeatureCatalogue/gfc:featureType/gfc:FC_FeatureType/gfc:carrierOfCharacteristics/gfc:FC_FeatureAttribute/gfc:memberName,GSAP2_thei
mdb:MD_Metadata/mdb:contentInfo/mrc:MD_FeatureCatalogue/mrc:featureCatalogue/gfc:FC_FeatureCatalogue/gfc:featureType/gfc:FC_FeatureType/gfc:carrierOfCharacteristics/gfc:FC_FeatureAttribute/gfc:cardinality/gco:CharacterString,1
mdb:MD_Metadata/mdb:contentInfo/mrc:MD_FeatureCatalogue/mrc:featureCatalogue/gfc:FC_FeatureCatalogue/gfc:featureType/gfc:FC_FeatureType/gfc:carrierOfCharacteristics/gfc:FC_FeatureAttribute/gfc:valueType/gco:TypeName/gco:aName/gco:CharacterString,object
mdb:MD_Metadata/mdb:contentInfo/mrc:MD_FeatureCatalogue/mrc:featureCatalogue/gfc:FC_FeatureCatalogue/gfc:featureType/gfc:FC_FeatureType/gfc:carrierOfCharacteristics/gfc:FC_FeatureAttribute/gfc:listedValue/gfc:FC_ListedValue/gfc:label/gco:CharacterString,0.27766612
mdb:MD_Metadata/mdb:contentInfo/mrc:MD_FeatureCatalogue/mrc:featureCatalogue/gfc:FC_FeatureCatalogue/gfc:featureType/gfc:FC_FeatureType/gfc:carrierOfCharacteristics/gfc:FC_FeatureAttribute/gfc:listedValue/gfc:FC_ListedValue/gfc:label/gco:CharacterString,0.29622537
mdb:MD_Metadata/mdb:contentInfo/mrc:MD_FeatureCatalogue/mrc:featureCatalogue/gfc:FC_FeatureCatalogue/gfc:featureType/gfc:FC_FeatureType/gfc:carrierOfCharacteristics/gfc:FC_FeatureAttribute/gfc:listedValue/gfc:FC_ListedValue/gfc:label/gco:CharacterString,0.29407197
mdb:MD_Metadata/mdb:contentInfo/mrc:MD_FeatureCatalogue/mrc:featureCatalogue/gfc:FC_FeatureCatalogue/gfc:featureType/gfc:FC_FeatureType/gfc:carrierOfCharacteristics/gfc:FC_FeatureAttribute/gfc:listedValue/gfc:FC_ListedValue/gfc:label/gco:CharacterString,0.2761113
mdb:MD_Metadata/mdb:contentInfo/mrc:MD_FeatureCatalogue/mrc:featureCatalogue/gfc:FC_FeatureCatalogue/gfc:featureType/gfc:FC_FeatureType/gfc:carrierOfCharacteristics/gfc:FC_FeatureAttribute/gfc:listedValue/gfc:FC_ListedValue/gfc:label/gco:CharacterString,nan
mdb:MD_Metadata/mdb:contentInfo/mrc:MD_FeatureCatalogue/mrc:featureCatalogue/gfc:FC_FeatureCatalogue/gfc:featureType/gfc:FC_FeatureType/gfc:carrierOfCharacteristics/gfc:FC_FeatureAttribute/gfc:listedValue/gfc:FC_ListedValue/gfc:label/gco:CharacterString,0.3683308
mdb:MD_Metadata/mdb:contentInfo/mrc:MD_FeatureCatalogue/mrc:featureCatalogue/gfc:FC_FeatureCatalogue/gfc:featureType/gfc:FC_FeatureType/gfc:carrierOfCharacteristics/gfc:FC_FeatureAttribute/gfc:listedValue/gfc:FC_ListedValue/gfc:label/gco:CharacterString,0.33588888
mdb:MD_Metadata/mdb:contentInfo/mrc:MD_FeatureCatalogue/mrc:featureCatalogue/gfc:FC_FeatureCatalogue/gfc:featureType/gfc:FC_FeatureType/gfc:carrierOfCharacteristics/gfc:FC_FeatureAttribute/gfc:listedValue/gfc:FC_ListedValue/gfc:label/gco:CharacterString,0.17105687
mdb:MD_Metadata/mdb:contentInfo/mrc:MD_FeatureCatalogue/mrc:featureCatalogue/gfc:FC_FeatureCatalogue/gfc:featureType/gfc:FC_FeatureType/gfc:carrierOfCharacteristics/gfc:FC_FeatureAttribute/gfc:listedValue/gfc:FC_ListedValue/gfc:label/gco:CharacterString,0.17104034
mdb:MD_Metadata/mdb:contentInfo/mrc:MD_FeatureCatalogue/mrc:featureCatalogue/gfc:FC_FeatureCatalogue/gfc:featureType/gfc:FC_FeatureType/gfc:carrierOfCharacteristics/gfc:FC_FeatureAttribute/gfc:listedValue/gfc:FC_ListedValue/gfc:label/gco:CharacterString,0.17938278
mdb:MD_Metadata/mdb:contentInfo/mrc:MD_FeatureCatalogue/mrc:featureCatalogue/gfc:FC_FeatureCatalogue/gfc:featureType/gfc:FC_FeatureType/gfc:featureCatalogue,
mdb:MD_Metadata/mdb:distributionInfo/mrd:MD_Distribution/mrd:description/gco:CharacterString,Offline File.
mdb:MD_Metadata/mdb:distributionInfo/mrd:MD_Distribution/mrd:transferOptions/mrd:MD_DigitalTransferOptions/mrd:offLine/mrd:MD_Medium/mrd:name/cit:CI_Citation/cit:title/gco:CharacterString,International Poverty Line - Subnational Poverty.shp
